Extcolor,Mileage,Milerange,Model,Price,Year
"Cocoa,Bronze,Metallic","5,765",25.6,CT6 PLUG-IN,"$45,000",2018
"Red,Passion,Tintcoat","16,964",635.4,CT6 Base,"$31,749",2016
"Crystal,White,Tricoat","9,914",739.0,CT6 Luxury,"$48,288",2018
"Crystal,White,Tricoat","17,556",486.0,CT6 Premium Luxury,"$44,494",2018
"Bronze,Dune,Metallic","7,000",969.7,CT6 Base,"$39,898",2018
"Satin,Steel,Metallic","18,413",33.9,CT6 Platinum,"$51,995",2018
"Black,Raven","15,741",503.8,CT6 Platinum,"$46,995",2017
"Stellar,Black,Metallic","15,228",523.0,CT6 Premium Luxury,"$49,912",2018
"Stellar,Black,Metallic","18,885",144.1,CT6 Premium Luxury,"$37,342",2016
"Dark,Emerald,Metallic","11,374",133.2,CT6 Premium Luxury,"$38,750",2017
"Moonstone,Metallic","13,196",490.9,CT6 PLUG-IN,"$36,997",2017
"Radiant,Silver,Metallic","19,500",857.2,CT6 Luxury,"$37,900",2018
"Crystal,White,Tricoat","19,944",945.2,CT6 Luxury,"$36,999",2018
"Red,Passion,Tintcoat","4,518",1049.4,CT6 Premium Luxury,"$36,877",2017
"Black,Raven","4,628",516.4,CT6 Premium Luxury,"$50,000",2019
"Stellar,Black,Metallic","19,597",501.7,CT6 Luxury,"$46,500",2018
"Radiant,Silver,Metallic","19,207",863.1,CT6 Luxury,"$34,791",2017
"Radiant,Silver,Metallic","15,992",394.7,CT6 Premium Luxury,"$37,995",2016
"Deep,Amethyst,Metallic","42,641",826.5,CT6 Luxury,"$32,994",2017
"Radiant,Silver,Metallic","4,422",1104.5,CT6 Luxury,"$47,988",2019
"Graphite,Metallic","34,265",490.1,CT6 Luxury,"$35,600",2016
"Crystal,White,Tricoat","40,231",542.4,CT6 Platinum,"$43,000",2016
"Black,Raven",756,1583.4,CT6 Platinum,"$65,997",2018
"Dark,Emerald,Metallic","14,772",910.4,CT6 Base,"$42,800",2017
"Crystal,White,Tricoat","36,942",100.1,CT6 Premium Luxury,"$45,400",2016
"Radiant,Silver,Metallic","10,009",2426.2,CT6 Luxury,"$35,998",2016
"Black,Raven","2,824",2143.6,CT6 Premium Luxury,"$54,988",2018
"Crystal,White,Tricoat","5,104",2163.2,CT6 Premium Luxury,"$49,991",2018
"Crystal,White,Tricoat","10,252",1967.4,CT6 Premium Luxury,"$34,599",2017
"Stellar,Black,Metallic","13,870",2226.4,CT6 Premium Luxury,"$54,059",2018
"Stellar,Black,Metallic","14,919",1422.8,CT6 Premium Luxury,"$42,988",2017
"Graphite,Metallic","21,983",196.7,CT6 Platinum,"$38,993",2016
"Crystal,White,Tricoat","19,071",643.7,CT6 Luxury,"$42,500",2017
"Graphite,Metallic","27,900",53.2,CT6 Base,"$34,900",2016
"Crystal,White,Tricoat","7,598",2431.8,CT6 Premium Luxury,"$44,888",2017
"Dark,Emerald,Metallic","20,688",281.3,CT6 Platinum,"$47,995",2016
"Crystal,White,Tricoat","7,827",824.3,CT6 Platinum,"$51,499",2017
"Red,Horizon,Tintcoat","6,957",1005.5,CT6 Base,"$45,956",2018
"Radiant,Silver,Metallic","29,592",1501.0,CT6 Luxury,"$40,446",2017
"Stellar,Black,Metallic","24,316",997.3,CT6 Luxury,"$35,500",2017
"Crystal,White,Tricoat","42,444",554.6,CT6 Platinum,"$48,500",2017
"Crystal,White,Tricoat","12,455",1215.5,CT6 Luxury,"$45,000",2018
"Crystal,White,Tricoat","54,242",1064.2,CT6 Premium Luxury,"$39,888",2017
"Radiant,Silver,Metallic","10,667",808.3,CT6 Premium Luxury,"$54,888",2018
"Radiant,Silver,Metallic","18,031",2134.5,CT6 Premium Luxury,"$39,792",2017
"Red,Horizon,Tintcoat",370,2153.2,CT6 Luxury,"$37,199",2018
"Satin,Steel,Metallic","33,202",1018.4,CT6 Premium Luxury,"$43,995",2018
"Stellar,Black,Metallic","49,048",720.0,CT6 Premium Luxury,"$35,998",2016
"Satin,Steel,Metallic","15,894",720.7,CT6 Sport,"$58,993",2019
"Moonstone,Metallic","40,105",1184.4,CT6 Platinum,"$47,000",2017
"Stellar,Black,Metallic","26,000",1127.8,CT6 Luxury,"$35,267",2016
"Radiant,Silver,Metallic","8,530",1766.4,CT6 Luxury,"$44,887",2018
"Crystal,White,Tricoat","40,139",762.0,CT6 Luxury,"$32,500",2016
"Satin,Steel,Metallic","6,960",1046.5,CT6 Premium Luxury,"$50,990",2018
"Dark,Adriatic,Blue","43,695",642.9,CT6 Platinum,"$44,201",2017
"Moonstone,Metallic","32,644",108.4,CT6 Luxury,"$37,377",2016
"Black,Raven","31,693",212.3,CT6 Base,"$36,995",2017
"Crystal,White,Tricoat","13,860",766.6,CT6 Premium Luxury,"$42,990",2016
"Black,Raven","31,853",1429.2,CT6 Platinum,"$46,430",2017
"Crystal,White,Tricoat","40,031",1194.8,CT6 Platinum,"$43,995",2016
"Crystal,White,Tricoat",498,1199.5,CT6 Platinum,"$58,000",2016
"Black,Raven","6,424",890.7,CT6 Premium Luxury,"$59,990",2019
"Stellar,Black,Metallic","23,205",870.0,CT6 Platinum,"$54,961",2017
"Black,Raven","32,489",543.9,CT6 Luxury,"$35,897",2016
"Dark,Adriatic,Blue","15,569",780.9,CT6 Luxury,"$37,024",2016
"Crystal,White,Tricoat",773,1583.4,CT6 Premium Luxury,"$54,997",2019
"Black,Raven",495,1104.0,CT6 Sport,"$69,070",2019
"Black,Raven","3,366",402.5,CT6 Premium Luxury,"$68,999",2018
"Crystal,White,Tricoat","24,973",2401.6,CT6 Premium Luxury,"$41,999",2016
"Crystal,White,Tricoat","34,873",403.8,CT6 Premium Luxury,"$36,991",2016
"Stone,Gray,Metallic","7,067",510.6,CT6 Premium Luxury,Not Listed,2018
"Crystal,White,Tricoat","16,465",2550.7,CT6 Platinum,"$49,759",2017
"Crystal,White,Tricoat","19,003",555.2,CT6 Platinum,"$45,950",2016
"Crystal,White,Tricoat","41,311",1371.4,CT6 Premium Luxury,"$34,800",2017
"Stellar,Black,Metallic","25,825",832.1,CT6 Luxury,"$40,950",2017
"Radiant,Silver,Metallic","15,129",1364.8,CT6 Luxury,"$47,842",2018
"Stellar,Black,Metallic","43,907",1371.4,CT6 Luxury,"$32,540",2017
"Crystal,White,Tricoat","28,907",1619.4,CT6 Premium Luxury,"$39,469",2016
"Radiant,Silver,Metallic","12,992",569.2,CT6 Premium Luxury,"$45,900",2018
"Crystal,White,Tricoat",78,720.7,CT6 PLUG-IN,"$51,900",2018
"Shadow,Metallic","5,521",471.9,CT6 Platinum,"$66,995",2019
"Radiant,Silver,Metallic","43,344",1014.4,CT6 Luxury,"$31,382",2016
"Black,Raven","5,221",643.9,CT6 Premium Luxury,"$56,085",2019
"Dark,Adriatic,Blue","32,944",473.0,CT6 Luxury,"$33,995",2016
"Crystal,White,Tricoat","32,490",100.1,CT6 Premium Luxury,"$43,400",2016
"Crystal,White,Tricoat","2,975",733.2,CT6 Platinum,"$60,402",2018
"Crystal,White,Tricoat","27,732",651.4,CT6 Platinum,"$45,990",2016
"Crystal,White,Tricoat","3,145",1557.0,CT6 Base,"$38,990",2017
"Crystal,White,Tricoat","1,759",2541.4,CT6 Luxury,"$39,691",2017
"Black,Raven","19,021",366.7,CT6 Base,"$37,777",2016
"Red,Horizon,Tintcoat","5,044",643.9,CT6 Premium Luxury,"$49,995",2019
"Crystal,White,Tricoat","30,526",1413.3,CT6 Luxury,"$37,788",2017
"Satin,Steel,Metallic","10,540",808.0,CT6 Platinum,"$57,985",2018
"Crystal,White,Tricoat","48,742",527.7,CT6 Luxury,"$31,550",2016
"Radiant,Silver,Metallic","32,507",212.8,CT6 Premium Luxury,"$35,995",2016
"Crystal,White,Tricoat","28,514",1966.6,CT6 Luxury,"$26,789",2016
"Crystal,White,Tricoat","33,779",798.6,CT6 Luxury,"$34,979",2017
"Red,Passion,Tintcoat","17,394",1635.8,CT6 Premium Luxury,"$42,489",2017
"Red,Horizon,Tintcoat","25,310",1633.6,CT6 Premium Luxury,"$49,388",2018
"Stone,Gray,Metallic","19,002",1427.2,CT6 Luxury,"$43,888",2018
"Crystal,White,Tricoat","12,514",293.7,CT6 Premium Luxury,"$52,400",2018
"Crystal,White,Tricoat","13,017",762.6,CT6 Platinum,"$51,964",2017
"Red,Passion,Tintcoat","31,389",858.0,CT6 Premium Luxury,"$37,393",2017
"Stellar,Black,Metallic","51,836",457.5,CT6 Luxury,"$36,500",2017
"Black,Raven","60,080",1087.3,CT6 Platinum,"$36,999",2016
"Radiant,Silver,Metallic","7,646",762.0,CT6 Luxury,"$49,500",2019
"Crystal,White,Tricoat","4,952",1409.4,CT6 Sport,"$70,880",2019
"Phantom,Gray,Metallic","40,029",1371.4,CT6 Premium Luxury,"$34,990",2017
"Black,Raven","13,138",1806.7,CT6 Luxury,"$38,998",2016
"Midnight,Sky,Metallic","8,685",788.8,CT6 Platinum,"$58,995",2018
"Crystal,White,Tricoat","43,195",1044.2,CT6 Luxury,"$38,888",2016
"Crystal,White,Tricoat","6,085",2235.0,CT6 Platinum,"$56,998",2018
"Crystal,White,Tricoat","18,575",2547.6,CT6 Luxury,"$39,715",2017
"Stellar,Black,Metallic","20,256",81.6,CT6 Premium Luxury,"$39,995",2017
"Black,Raven","45,271",481.3,CT6 Luxury,"$34,998",2017
"Graphite,Metallic","39,983",37.3,CT6 Luxury,"$37,308",2016
"Graphite,Metallic","13,514",2235.0,CT6 Luxury,"$35,998",2016
"Crystal,White,Tricoat","26,747",1409.4,CT6 PLUG-IN,"$36,663",2017
"Stellar,Black,Metallic","30,919",102.7,CT6 Platinum,"$44,900",2016
"Crystal,White,Tricoat","30,159",1371.4,CT6 Luxury,"$34,070",2017
"Graphite,Metallic","16,159",473.0,CT6 Luxury,"$36,995",2016
"Radiant,Silver,Metallic","4,858",1825.4,CT6 Premium Luxury,"$54,950",2018
"Radiant,Silver,Metallic","8,507",1274.2,CT6 Premium Luxury,"$48,975",2018
"Black,Raven","50,078",409.4,CT6 Luxury,"$37,853",2019
"Stellar,Black,Metallic","33,657",806.7,CT6 Premium Luxury,"$36,558",2016
"Crystal,White,Tricoat","31,924",280.6,CT6 Premium Luxury,"$36,189",2016
"Red,Passion,Tintcoat","46,416",1637.3,CT6 Platinum,"$40,529",2016
"Crystal,White,Tricoat","37,103",188.9,CT6 Luxury,"$33,997",2016
"Graphite,Metallic","49,043",613.8,CT6 Base,"$29,998",2016
"Crystal,White,Tricoat","17,890",2229.8,CT6 Premium Luxury,"$31,299",2016
"Stellar,Black,Metallic","38,867",1058.9,CT6 Luxury,"$34,090",2016
"Black,Raven","27,762",329.9,CT6 Premium Luxury,"$41,764",2016
"Crystal,White,Tricoat","20,630",938.4,CT6 Luxury,"$44,930",2016
"Stellar,Black,Metallic","35,015",136.4,CT6 Luxury,"$34,500",2016
"Radiant,Silver,Metallic","4,893",1480.3,CT6 Luxury,"$44,998",2018
"Satin,Steel,Metallic","22,919",496.4,CT6 Premium Luxury,"$42,995",2018
"Crystal,White,Tricoat","13,992",1168.9,CT6 Platinum,"$49,495",2016
"Crystal,White,Tricoat","21,056",1025.2,CT6 Premium Luxury,"$42,890",2017
"Black,Raven","30,052",1374.5,CT6 Premium Luxury,"$37,977",2016
"Black,Raven","21,472",16.2,CT6 Platinum,"$52,900",2017
"Crystal,White,Tricoat","1,102",1419.0,CT6 Luxury,"$46,995",2019
"Shadow,Metallic","5,778",732.5,CT6 Premium Luxury,"$59,499",2019
"Black,Raven","36,296",21.8,CT6 Luxury,"$38,910",2017
"Dark,Emerald,Metallic","27,714",182.3,CT6 Premium Luxury,"$47,690",2017
"Crystal,White,Tricoat","18,377",498.3,CT6 Platinum,"$53,488",2017
"Crystal,White,Tricoat","4,100",808.0,CT6 Premium Luxury,"$53,995",2019
"Graphite,Metallic","53,166",559.0,CT6 Luxury,"$35,988",2016
"Black,Raven","11,065",818.7,CT6 Platinum,"$61,499",2018
"Moonstone,Metallic","27,586",918.8,CT6 Premium Luxury,"$39,500",2017
"Red,Horizon,Tintcoat","2,758",1603.9,CT6 Base,"$60,430",2018
"Radiant,Silver,Metallic","1,938",486.6,CT6 Luxury,"$45,900",2017
"Stellar,Black,Metallic","72,356",881.4,CT6 Luxury,"$27,728",2016
"Graphite,Metallic","8,922",1364.8,CT6 Platinum,"$49,982",2016
"Black,Raven","26,327",1086.4,CT6 Luxury,"$33,000",2016
"Black,Raven","8,804",1064.2,CT6 Platinum,"$72,679",2019
"Midnight,Sky,Metallic","25,576",499.7,CT6 Premium Luxury,"$43,382",2018
"Black,Raven","8,688",153.4,CT6 Platinum,"$59,978",2018
"Black,Raven","5,619",2130.4,CT6 Luxury,"$43,999",2018
"Black,Raven","37,292",1064.2,CT6 Premium Luxury,"$39,888",2016
"Graphite,Metallic","23,495",136.4,CT6 Premium Luxury,"$42,000",2016
"Dark,Emerald,Metallic","34,218",1268.8,CT6 Premium Luxury,"$35,997",2016
"Crystal,White,Tricoat","8,259",1583.4,CT6 Platinum,"$53,999",2017
"Black,Raven","3,011",2458.3,CT6 Luxury,"$46,995",2018
"Black,Raven","22,968",1691.5,CT6 Luxury,"$36,266",2017
"Black,Raven","45,646",638.2,CT6 Premium Luxury,"$35,998",2017
"Phantom,Gray,Metallic","40,940",533.1,CT6 Luxury,"$36,000",2017
"Black,Raven","14,040",890.7,CT6 Base,"$38,990",2017
"Stellar,Black,Metallic","40,027",225.3,CT6 Luxury,"$36,000",2017
"Black,Raven","5,493",554.6,CT6 Platinum,"$79,995",2018
"Moonstone,Metallic","17,500",491.6,CT6 Luxury,"$39,119",2017
"Dark,Adriatic,Blue","17,338",1970.6,CT6 Luxury,"$26,992",2017
"Radiant,Silver,Metallic","45,675",613.8,CT6 Premium Luxury,"$34,998",2017
"Radiant,Silver,Metallic","30,255",519.8,CT6 Platinum,"$44,822",2017
"Black,Raven","32,503",78.0,CT6 Platinum,"$43,346",2016
"Crystal,White,Tricoat","23,640",643.2,CT6 Luxury,"$52,555",2018
"Radiant,Silver,Metallic","22,089",98.9,CT6 Luxury,"$36,996",2016
"Crystal,White,Tricoat","32,316",490.5,CT6 Premium Luxury,"$37,500",2016
"Crystal,White,Tricoat","33,105",641.6,CT6 Base,"$31,900",2016
"Black,Raven","15,770",385.4,CT6 Premium Luxury,"$51,798",2018
"Dark,Adriatic,Blue","32,141",212.3,CT6 Base,"$32,990",2016
"Black,Raven","26,759",543.9,CT6 Platinum,"$46,897",2017
"Midnight,Sky,Metallic","23,403",2234.7,CT6 Platinum,"$50,993",2018
"Crystal,White,Tricoat","34,252",1073.3,CT6 Luxury,"$35,990",2016
"Red,Passion,Tintcoat","18,599",926.6,CT6 Luxury,"$37,977",2016
"Black,Raven","7,782",708.7,CT6 Premium Luxury,"$53,995",2019
"Stellar,Black,Metallic","17,998",1021.0,CT6 Luxury,"$39,917",2016
"Crystal,White,Tricoat","34,516",225.3,CT6 Platinum,"$41,750",2016
"Stellar,Black,Metallic","17,249",782.8,CT6 Premium Luxury,"$57,985",2018
"Graphite,Metallic","32,185",196.9,CT6 Base,"$36,900",2016
"Black,Raven","124,664",1151.9,CT6 Luxury,"$21,998",2017
"Crystal,White,Tricoat","10,408",1210.8,CT6 Platinum,"$52,859",2017
"Black,Raven","2,208",373.9,CT6 Luxury,"$48,000",2019
"Red,Passion,Tintcoat","41,274",546.1,CT6 Platinum,"$41,890",2016
"Black,Raven","27,823",34.7,CT6 Premium Luxury,"$39,995",2016
"Stellar,Black,Metallic","57,649",1407.9,CT6 Platinum,"$40,994",2017
"Bronze,Dune,Metallic","6,015",134.9,CT6 Luxury,"$52,987",2019
"Shadow,Metallic","3,256",643.9,CT6 Premium Luxury,"$49,997",2019
"Crystal,White,Tricoat","44,246",728.0,CT6 Base,"$32,998",2017
"Graphite,Metallic","5,447",953.1,CT6 Luxury,"$45,999",2016
"Crystal,White,Tricoat","19,642",194.7,CT6 Premium Luxury,"$44,900",2016
"Red,Passion,Tintcoat","38,144",196.9,CT6 Luxury,"$36,900",2016
"Black,Raven","39,820",33.9,CT6 Premium Luxury,"$40,997",2017
"Black,Raven","46,212",508.8,CT6 Platinum,"$42,500",2016
"Crystal,White,Tricoat","9,653",1132.4,CT6 Platinum,"$52,849",2017
"Red,Passion,Tintcoat","15,344",891.2,CT6 Luxury,"$35,888",2016
"Black,Raven",855,1967.4,CT6 Platinum,"$41,499",2017
"Crystal,White,Tricoat","41,888",1130.4,CT6 Premium Luxury,"$40,250",2017
"Stellar,Black,Metallic","6,149",859.3,CT6 Luxury,"$44,501",2018
"Crystal,White,Tricoat","27,753",1042.0,CT6 Base,"$31,998",2016
"Crystal,White,Tricoat","24,562",732.5,CT6 Luxury,"$39,997",2017
"Black,Raven","68,136",37.3,CT6 Luxury,"$33,950",2016
"Red,Passion,Tintcoat","4,419",1636.0,CT6 Premium Luxury,"$43,500",2017
"Radiant,Silver,Metallic","32,955",1270.2,CT6 Luxury,"$33,995",2016
"Crystal,White,Tricoat","9,855",652.9,CT6 Luxury,"$44,999",2017
"Crystal,White,Tricoat","11,206",2495.6,CT6 Premium Luxury,"$52,993",2018
"Crystal,White,Tricoat","13,000",1234.3,CT6 Platinum,"$57,995",2018
"Black,Raven","38,812",616.5,CT6 Premium Luxury,"$42,995",2017
"Radiant,Silver,Metallic","1,486",498.3,CT6 Premium Luxury,"$49,988",2018
"Crystal,White,Tricoat","19,297",1429.2,CT6 Premium Luxury,"$51,410",2018
"Radiant,Silver,Metallic","23,245",1194.8,CT6 Platinum,"$59,575",2018
"Black,Raven","5,239",1023.8,CT6 Platinum,"$59,893",2018
"Stellar,Black,Metallic","8,872",13.5,CT6 Luxury,"$47,988",2019
"Black,Raven","9,790",1583.4,CT6 Base,"$39,997",2018
"Crystal,White,Tricoat","21,061",1429.2,CT6 Premium Luxury,"$42,170",2017
"Crystal,White,Tricoat","37,657",728.0,CT6 Premium Luxury,"$35,599",2016
"Black,Raven","16,893",1628.3,CT6 Luxury,"$36,998",2016
"Satin,Steel,Metallic","19,889",781.2,CT6 Platinum,"$55,997",2018
"Stellar,Black,Metallic","33,329",89.4,CT6 Premium Luxury,"$35,998",2016
"Black,Raven","38,946",731.7,CT6 Premium Luxury,"$35,998",2016
"Stone,Gray,Metallic","27,125",477.1,CT6 Platinum,"$58,000",2018
"Dark,Emerald,Metallic","27,736",174.9,CT6 Luxury,"$39,888",2017
"Stellar,Black,Metallic","46,365",24.6,CT6 Luxury,"$37,000",2017
"Black,Raven","17,546",498.3,CT6 Luxury,"$41,988",2017
"Moonstone,Metallic","50,468",559.5,CT6 Premium Luxury,"$33,000",2016
"Crystal,White,Tricoat","34,581",1362.5,CT6 Luxury,"$36,749",2016
"Moonstone,Metallic","32,355",8.2,CT6 Base,"$46,995",2016
"Midnight,Sky,Metallic","12,239",1096.2,CT6 Base,"$39,946",2018
"Black,Raven","18,869",100.1,CT6 Platinum,"$56,900",2017
"Crystal,White,Tricoat","22,439",874.6,CT6 Luxury,"$38,800",2016
"Black,Raven","3,353",934.3,CT6 Platinum,"$50,000",2017
"Crystal,White,Tricoat","19,148",1063.7,CT6 Platinum,"$53,000",2018
"Red,Passion,Tintcoat",Not,100.1,CT6 Luxury,"$39,588",2017
"Stellar,Black,Metallic","24,131",463.6,CT6 Platinum,"$48,500",2017
"Crystal,White,Tricoat","14,086",949.1,CT6 Luxury,"$41,921",2017
"Crystal,White,Tricoat","13,638",2153.2,CT6 Platinum,"$43,899",2018
"Crystal,White,Tricoat","44,026",1022.0,CT6 Base,"$32,432",2017
"Black,Raven","54,500",755.7,CT6 Premium Luxury,"$39,401",2017
"Crystal,White,Tricoat","19,078",643.2,CT6 Platinum,"$54,178",2017
"Black,Raven","46,255",276.7,CT6 Platinum,"$42,946",2016
"Stellar,Black,Metallic","5,198",1013.3,CT6 Premium Luxury,"$59,597",2018
"Crystal,White,Tricoat","10,196",1430.6,CT6 Luxury,"$36,745",2016
"Midnight,Sky,Metallic","11,079",98.9,CT6 Platinum,"$60,998",2018
"Stellar,Black,Metallic","17,566",2155.6,CT6 Luxury,"$29,199",2017
"Crystal,White,Tricoat","25,573",1508.0,CT6 Premium Luxury,"$41,995",2016
"Crystal,White,Tricoat","20,306",69.8,CT6 Luxury,"$35,998",2016
"Black,Raven","22,500",1508.0,CT6 Platinum,"$55,250",2017
"Crystal,White,Tricoat","2,359",1970.6,CT6 Premium Luxury,"$29,992",2017
"Dark,Adriatic,Blue","22,654",83.8,CT6 Luxury,"$37,990",2016
"Crystal,White,Tricoat","27,647",71.5,CT6 Premium Luxury,"$32,900",2017
"Crystal,White,Tricoat","18,022",176.8,CT6 Luxury,"$38,999",2017
"Crystal,White,Tricoat","8,266",476.8,CT6 Premium Luxury,"$59,972",2019
"Crystal,White,Tricoat","7,330",473.0,CT6 Base,"$39,995",2017
"Moonstone,Metallic","48,775",557.9,CT6 Luxury,"$29,495",2016
"Crystal,White,Tricoat","27,563",445.2,CT6 Premium Luxury,"$37,445",2016
"Stellar,Black,Metallic","27,432",1371.4,CT6 Luxury,"$34,500",2016
"Graphite,Metallic","27,217",21.8,CT6 Premium Luxury,"$39,980",2016
"Crystal,White,Tricoat","1,418",1424.2,CT6 Base,"$38,945",2018
"Crystal,White,Tricoat","19,869",76.6,CT6 Premium Luxury,"$52,595",2018
"Black,Raven","29,635",16.2,CT6 Premium Luxury,"$42,000",2017
"Crystal,White,Tricoat","14,522",1427.5,CT6 Luxury,"$36,999",2017
"Crystal,White,Tricoat","47,610",24.6,CT6 Premium Luxury,"$35,000",2016
"Black,Raven","22,180",1021.0,CT6 Premium Luxury,"$38,900",2016
"Radiant,Silver,Metallic","23,841",1194.7,CT6 Luxury,"$38,998",2018
"Black,Raven","31,807",247.7,CT6 Luxury,"$37,998",2017
"Black,Raven","16,993",671.5,CT6 Premium Luxury,"$42,800",2018
"Radiant,Silver,Metallic","36,024",645.0,CT6 Base,"$31,977",2016
"Dark,Adriatic,Blue","20,028",274.1,CT6 Premium Luxury,"$43,990",2017
"Crystal,White,Tricoat","13,705",698.7,CT6 Premium Luxury,"$48,995",2018
"Crystal,White,Tricoat","35,495",60.3,CT6 Premium Luxury,"$40,900",2017
"Crystal,White,Tricoat","17,019",591.1,CT6 Premium Luxury,"$46,995",2016
"Phantom,Gray,Metallic","14,551",907.9,CT6 Base,"$40,000",2017
"Red,Passion,Tintcoat","50,103",254.1,CT6 Premium Luxury,"$38,000",2016
"Manhattan,Noir,Metallic","15,866",1508.0,CT6 Platinum,"$72,899",2019
"Radiant,Silver,Metallic","20,215",76.6,CT6 Luxury,"$46,990",2018
"Stellar,Black,Metallic","15,535",1235.7,CT6 Premium Luxury,"$42,990",2017
"Moonstone,Metallic","30,629",199.3,CT6 Luxury,"$32,950",2016
"Dark,Adriatic,Blue","19,440",1101.3,CT6 Platinum,"$53,900",2017
"Black,Raven","29,643",1023.3,CT6 Premium Luxury,"$34,998",2016
"Crystal,White,Tricoat","36,744",333.7,CT6 Luxury,Not Listed,2017
"Black,Raven",Not,13.5,CT6 Luxury,Not Listed,2016
"Black,Raven","2,500",2428.1,CT6 Luxury,Not Listed,2019
"Moonstone,Metallic","12,265",2444.4,CT6 Luxury,Not Listed,2017
"Dark,Adriatic,Blue",Not,351.3,CT6 Luxury,Not Listed,2016
"Radiant,Silver,Metallic",Not,351.3,CT6 Base,Not Listed,2016
"Radiant,Silver,Metallic",Not,552.1,CT6 Luxury,Not Listed,2017
"Black,Raven",Not,2455.0,CT6 Platinum,"$47,624",2017
"Stellar,Black,Metallic","42,504",1085.4,CT6 Luxury,Not Listed,2016
"Crystal,White,Tricoat",Not,4906.8,CT6 Base,"$41,998",2017
"Crystal,White,Tricoat","44,986",1300.5,CT6 Luxury,Not Listed,2017
"Moonstone,Metallic",Not,4906.8,CT6 Luxury,"$48,998",2017
"Moonstone,Metallic",Not,4906.8,CT6 Luxury,"$48,998",2017
"Phantom,Gray,Metallic",Not,1398.6,CT6 Premium Luxury,Not Listed,2017
"Crystal,White,Tricoat",Not,4906.8,CT6 Luxury,"$48,998",2017
"Radiant,Silver,Metallic","35,955",2105.4,CT6 Premium Luxury,Not Listed,2016
"Graphite,Metallic",Not,2407.6,CT6 Luxury,Not Listed,2016
"Satin,Steel,Metallic","39,707",498.6,CT6 Premium Luxury,Not Listed,2018
"Radiant,Silver,Metallic","20,233",2442.4,CT6 Luxury,"$45,480",2018
"Dark,Emerald,Metallic","33,644",194.7,CT6 Luxury,Not Listed,2016
"Dark,Adriatic,Blue","56,100",1632.1,CT6 Luxury,Not Listed,2016
"Stellar,Black,Metallic",Not,729.6,CT6 Platinum,Not Listed,2016
"Black,Raven",646,1330.0,CT6 Premium Luxury,Not Listed,2019
"Black,Raven","36,110",194.7,CT6 Premium Luxury,Not Listed,2016
"Red,Passion,Tintcoat","20,775",1635.8,CT6 Premium Luxury,Not Listed,2017
"Red,Passion,Tintcoat","23,556",503.2,CT6 Luxury,Not Listed,2017
"Moonstone,Metallic","43,981",194.7,CT6 Luxury,Not Listed,2017
"Crystal,White,Tricoat","15,491",1217.4,CT6 Luxury,Not Listed,2017
"Crystal,White,Tricoat","39,583",2454.5,CT6 Luxury,"$34,962",2017
"Dark,Adriatic,Blue","36,016",2127.8,CT6 Base,"$36,995",2017
"Crystal,White,Tricoat","34,047",2545.5,CT6 Premium Luxury,"$42,999",2016
"Crystal,White,Tricoat","29,233",2450.1,CT6 Luxury,"$37,984",2016
"Black,Raven","30,200",2450.1,CT6 Base,"$34,841",2016
"Crystal,White,Tricoat","19,044",1190.2,CT6 Base,Not Listed,2017
"Red,Passion,Tintcoat","9,409",3359.0,CT6 Premium Luxury,"$47,299",2017
"Stellar,Black,Metallic","7,188",2545.1,CT6 Base,"$41,559",2017
"Radiant,Silver,Metallic","41,264",1364.8,CT6 Premium Luxury,"$39,718",2016
"Black,Raven","27,676",2454.2,CT6 Luxury,"$36,555",2016
"Stellar,Black,Metallic","42,935",2449.3,CT6 Luxury,"$34,300",2016
"Moonstone,Metallic","39,997",2431.0,CT6 Premium Luxury,"$37,998",2016
"Black,Raven","39,017",2539.6,CT6 Luxury,"$33,998",2016
"Black,Raven","40,005",1381.6,CT6 Platinum,"$43,995",2016
"Crystal,White,Tricoat",410,2450.1,CT6 Luxury,"$60,988",2019
"Black,Raven","29,674",2565.9,CT6 Luxury,"$32,841",2016
"Crystal,White,Tricoat","19,396",2398.2,CT6 Platinum,"$52,398",2017
"Stellar,Black,Metallic",Not,1037.0,CT6 Platinum,"$57,900",2016
"Moonstone,Metallic","32,196",482.9,CT6 Base,Not Listed,2016
"Black,Raven","15,668",829.5,CT6 Premium Luxury,Not Listed,2018
"Black,Raven","17,573",2454.6,CT6 Luxury,"$37,999",2016
"Red,Horizon,Tintcoat","7,426",1064.2,CT6 Sport,Not Listed,2019
"Crystal,White,Tricoat","38,500",1968.7,CT6 Platinum,"$42,010",2016
"Crystal,White,Tricoat","100,609",1949.7,CT6 Luxury,"$24,777",2016
"Crystal,White,Tricoat",Not,728.0,CT6 Premium Luxury,Not Listed,2019
"Stellar,Black,Metallic","26,323",1583.4,CT6 Premium Luxury,"$41,498",2017
"Radiant,Silver,Metallic","29,406",1706.0,CT6 Luxury,"$38,350",2017
"Black,Raven",6,937.5,CT6 Base,Not Listed,2018
"Black,Raven","33,130",1381.6,CT6 Luxury,"$35,931",2016
"Moonstone,Metallic","16,221",937.5,CT6 Luxury,Not Listed,2017
"Graphite,Metallic","33,231",2550.7,CT6 Luxury,"$34,998",2016
"Black,Raven","4,226",2554.3,CT6 Platinum,"$56,000",2018
"Stellar,Black,Metallic","26,009",2381.9,CT6 Premium Luxury,"$39,991",2016
"Moonstone,Metallic","14,560",2451.7,CT6 Premium Luxury,"$41,900",2017
"Black,Raven","32,600",2455.0,CT6 Luxury,"$31,853",2016
"Stellar,Black,Metallic","29,546",1684.1,CT6 Platinum,"$54,768",2017
"Crystal,White,Tricoat","34,395",2454.5,CT6 Premium Luxury,"$36,823",2016
"Bronze,Dune,Metallic","7,401",2543.1,CT6 Premium Luxury,"$49,999",2018
"Black,Raven","49,019",2427.9,CT6 Platinum,"$45,000",2017
"Crystal,White,Tricoat","5,682",1465.9,CT6 Sport,Not Listed,2019
"Stellar,Black,Metallic","2,537",2414.9,CT6 Premium Luxury,"$51,600",2019
"Dark,Emerald,Metallic","19,177",2510.4,CT6 Premium Luxury,"$38,490",2017
"Black,Raven","54,251",1388.7,CT6 Luxury,"$37,995",2017
"Crystal,White,Tricoat","20,200",2393.9,CT6 Platinum,"$51,824",2016
"Stone,Gray,Metallic","17,942",570.6,CT6 Luxury,Not Listed,2018
"Crystal,White,Tricoat","43,947",1583.4,CT6 Platinum,"$43,997",2016
"Black,Raven","32,997",1413.3,CT6 Platinum,"$57,788",2018
"Black,Raven","50,275",1968.6,CT6 Platinum,"$36,900",2016
"Crystal,White,Tricoat",Not,598.2,CT6 Premium Luxury,"$44,840",2017
"Crystal,White,Tricoat","21,387",333.7,CT6 Platinum,Not Listed,2018
"Satin,Steel,Metallic",6,937.5,CT6 Luxury,Not Listed,2018
"Crystal,White,Tricoat","22,403",2143.6,CT6 Platinum,"$48,595",2016
"Stellar,Black,Metallic",473,2547.7,CT6 Platinum,"$55,750",2018
"Red,Passion,Tintcoat",Not,1037.0,CT6 Base,"$47,900",2017
"Crystal,White,Tricoat","39,883",1347.8,CT6 Premium Luxury,"$36,558",2016
"Crystal,White,Tricoat","48,599",1419.9,CT6 Premium Luxury,"$36,036",2016
"Moonstone,Metallic","45,876",2529.1,CT6 Premium Luxury,"$37,495",2017
"Red,Passion,Tintcoat","32,001",2119.6,CT6 Luxury,"$39,560",2017
"Radiant,Silver,Metallic","36,107",872.5,CT6 Platinum,"$63,846",2018
"Black,Raven","2,948",937.5,CT6 Base,Not Listed,2018
"Red,Horizon,Tintcoat",6,937.5,CT6 Luxury,Not Listed,2018
"Black,Raven",Not,1422.5,CT6 Base,"$33,988",2017
"Black,Raven","14,987",2425.8,CT6 Luxury,"$44,995",2017
"Black,Raven","35,202",1131.5,CT6 Platinum,"$42,500",2016
"Bronze,Dune,Metallic","50,631",530.3,CT6 Luxury,"$39,399",2019
"Stellar,Black,Metallic","42,539",1570.5,CT6 Premium Luxury,"$37,988",2016
"Deep,Amethyst,Metallic","13,658",2449.3,CT6 PLUG-IN,"$44,400",2018
"Black,Raven","37,599",1583.4,CT6 Premium Luxury,"$39,999",2017
"Graphite,Metallic","37,193",840.3,CT6 Premium Luxury,"$39,000",2016
"Stellar,Black,Metallic","37,042",1826.9,CT6 Premium Luxury,"$40,497",2017
"Stellar,Black,Metallic","16,350",432.1,CT6 Platinum,Not Listed,2017
"Crystal,White,Tricoat","24,602",2433.3,CT6 PLUG-IN,"$38,995",2017
"Black,Raven","30,121",1174.1,CT6 Platinum,"$45,487",2016
"Stellar,Black,Metallic","13,344",2441.8,CT6 Platinum,"$55,649",2017
"Dark,Adriatic,Blue","11,766",2554.3,CT6 Platinum,"$53,952",2018
"Moonstone,Metallic","43,865",756.3,CT6 Luxury,"$38,990",2016
"Black,Raven","47,435",1330.0,CT6 Luxury,"$32,000",2016
"Crystal,White,Tricoat","45,169",780.9,CT6 Platinum,"$42,997",2016
"Crystal,White,Tricoat","8,576",2414.9,CT6 Premium Luxury,"$46,694",2018
"Radiant,Silver,Metallic","21,928",1383.9,CT6 Luxury,"$40,907",2016
"Stellar,Black,Metallic","34,546",1583.4,CT6 Luxury,"$36,999",2016
"Black,Raven","29,845",1317.1,CT6 Premium Luxury,"$37,996",2016
"Black,Raven","30,857",1463.7,CT6 Premium Luxury,"$64,000",2018
"Crystal,White,Tricoat","36,782",1022.1,CT6 Platinum,"$41,998",2016
"Stellar,Black,Metallic","55,259",637.3,CT6 Platinum,"$40,000",2016
"Crystal,White,Tricoat","3,950",2535.4,CT6 Premium Luxury,"$50,763",2018
"Black,Raven","48,025",616.6,CT6 Luxury,"$33,995",2016
"Dark,Adriatic,Blue","35,088",790.3,CT6 Premium Luxury,"$44,990",2017
"Black,Raven","7,563",206.4,CT6 Base,Not Listed,2016
"Crystal,White,Tricoat","34,482",2431.8,CT6 Premium Luxury,"$38,875",2016
"Black,Raven","37,421",776.6,CT6 Premium Luxury,"$39,989",2017
"Crystal,White,Tricoat","38,904",1430.6,CT6 Platinum,"$44,995",2016
"Moonstone,Metallic","43,897",616.6,CT6 Premium Luxury,"$38,770",2017
"Graphite,Metallic","36,255",849.3,CT6 Premium Luxury,"$39,990",2016
"Red,Passion,Tintcoat","43,451",2407.5,CT6 Premium Luxury,"$35,988",2017
"Black,Raven","5,780",980.1,CT6 Premium Luxury,Not Listed,2018
"Radiant,Silver,Metallic","31,686",1364.8,CT6 Platinum,"$55,499",2018
"Moonstone,Metallic","32,532",708.7,CT6 Luxury,"$38,650",2017
"Crystal,White,Tricoat",Not,13.5,CT6 Luxury,"$38,797",2016
"Crystal,White,Tricoat","38,479",716.0,CT6 Platinum,"$44,985",2016
"Stellar,Black,Metallic","41,872",72.9,CT6 Premium Luxury,"$37,890",2016
"Black,Raven","25,667",1628.9,CT6 Luxury,"$37,690",2016
"Radiant,Silver,Metallic","32,400",840.3,CT6 Premium Luxury,"$35,857",2017
"Black,Raven","45,007",2547.6,CT6 Platinum,"$42,318",2016
"Crystal,White,Tricoat","42,253",1430.6,CT6 Platinum,"$41,995",2016
"Satin,Steel,Metallic","15,634",491.3,CT6 Platinum,Not Listed,2018
"Crystal,White,Tricoat","26,530",1683.5,CT6 Platinum,"$51,995",2017
"Black,Raven","47,731",832.1,CT6 Premium Luxury,"$34,780",2016
"Black,Raven",622,2428.1,CT6 Premium Luxury,"$58,902",2018
"Stellar,Black,Metallic","35,705",708.7,CT6 Luxury,"$37,995",2016
"Crystal,White,Tricoat","28,304",510.6,CT6 Premium Luxury,Not Listed,2016
"Black,Raven","33,553",708.7,CT6 Premium Luxury,"$39,992",2016
"Radiant,Silver,Metallic","13,131",2428.1,CT6 Premium Luxury,"$46,908",2017
"Black,Raven","45,493",473.0,CT6 Base,"$32,995",2016
"Moonstone,Metallic",Not,545.2,CT6 Luxury,"$35,969",2016
"Radiant,Silver,Metallic","33,867",1635.8,CT6 Platinum,"$43,000",2016
"Graphite,Metallic","44,854",1085.4,CT6 Luxury,"$34,973",2016
"Black,Raven","71,243",1021.2,CT6 Luxury,"$26,995",2016
"Moonstone,Metallic","49,734",34.2,CT6 Luxury,"$34,767",2017
"Radiant,Silver,Metallic","44,401",555.4,CT6 Luxury,"$31,769",2016
"Moonstone,Metallic","21,201",2157.3,CT6 Base,"$34,979",2016
"Black,Raven",Not,1028.2,CT6 Base,"$39,000",2017
"Crystal,White,Tricoat","33,153",616.4,CT6 Luxury,"$36,993",2016
"Crystal,White,Tricoat","23,486",2163.0,CT6 Platinum,"$43,900",2016
"Crystal,White,Tricoat","28,579",1393.3,CT6 Luxury,"$39,976",2016
"Manhattan,Noir,Metallic","9,828",554.3,CT6 Premium Luxury,Not Listed,2019
"Black,Raven","24,307",840.8,CT6 Platinum,"$54,988",2017
"Black,Raven","42,351",623.5,CT6 Luxury,"$34,495",2017
"Black,Raven",Not,1580.3,CT6 Platinum,"$55,888",2018
"Red,Passion,Tintcoat","24,797",1174.1,CT6 Luxury,"$36,780",2016
"Crystal,White,Tricoat","3,372",2474.8,CT6 Sport,"$73,500",2019
"Stellar,Black,Metallic","29,332",2495.6,CT6 Luxury,"$35,992",2016
"Crystal,White,Tricoat","49,778",486.0,CT6 Platinum,"$39,987",2016
"Crystal,White,Tricoat","37,548",549.9,CT6 Luxury,"$33,995",2016
"Stellar,Black,Metallic","34,453",781.3,CT6 Luxury,"$34,992",2017
"Stellar,Black,Metallic","24,497",520.6,CT6 Platinum,"$64,988",2018
"Red,Passion,Tintcoat","40,171",842.7,CT6 Luxury,"$35,990",2017
"Bronze,Dune,Metallic","28,534",708.7,CT6 Luxury,"$39,995",2017
"Black,Raven","33,476",1168.9,CT6 Premium Luxury,"$39,999",2017
"Crystal,White,Tricoat","51,800",1030.5,CT6 Luxury,"$33,985",2017
"Crystal,White,Tricoat","40,451",1133.8,CT6 Premium Luxury,"$37,995",2017
"Crystal,White,Tricoat","28,513",470.7,CT6 Platinum,"$46,500",2016
"Black,Raven","73,866",1345.2,CT6 Premium Luxury,"$33,000",2017
"Red,Passion,Tintcoat","5,084",482.9,CT6 Base,Not Listed,2016
"Crystal,White,Tricoat","8,065",1628.9,CT6 Premium Luxury,"$44,800",2017
"Red,Passion,Tintcoat","26,350",870.0,CT6 Premium Luxury,"$43,825",2017
"Crystal,White,Tricoat","7,166",1381.6,CT6 Sport,"$67,981",2019
"Graphite,Metallic","6,412",2458.8,CT6 Platinum,"$47,891",2016
"Crystal,White,Tricoat","3,188",1838.3,CT6 Premium Luxury,"$55,000",2019
"Black,Raven","13,353",1583.4,CT6 Luxury,"$38,497",2016
"Black,Raven","62,083",441.6,CT6 Luxury,"$29,990",2016
"Black,Raven","91,915",542.5,CT6 Base,"$25,480",2017
"Black,Raven","37,759",958.1,CT6 Premium Luxury,"$38,968",2016
"Black,Raven","11,410",1603.9,CT6 Platinum,"$64,997",2018
"Red,Passion,Tintcoat","23,851",879.3,CT6 Luxury,"$37,911",2016
"Moonstone,Metallic","37,479",1130.9,CT6 Luxury,"$35,948",2016
"Crystal,White,Tricoat",504,90.4,CT6 Luxury,Not Listed,2018
"Crystal,White,Tricoat","18,789",1180.3,CT6 Premium Luxury,"$43,991",2016
"Dark,Adriatic,Blue","17,234",2571.0,CT6 Premium Luxury,"$40,998",2017
"Red,Passion,Tintcoat","32,075",76.6,CT6 Luxury,"$39,490",2016
"Crystal,White,Tricoat","58,057",1691.5,CT6 Luxury,"$35,995",2016
"Black,Raven","6,319",188.0,CT6 Platinum,Not Listed,2018
"Phantom,Gray,Metallic","31,296",2395.3,CT6 Base,"$35,999",2017
"Dark,Adriatic,Blue","34,190",1603.9,CT6 Luxury,"$36,997",2017
"Crystal,White,Tricoat","45,000",530.9,CT6 Platinum,"$44,850",2017
"Crystal,White,Tricoat","8,104",2407.3,CT6 Premium Luxury,"$53,498",2018
"Crystal,White,Tricoat","62,296",1194.8,CT6 Platinum,"$39,995",2016
"Crystal,White,Tricoat","37,525",554.3,CT6 Platinum,"$50,995",2017
"Phantom,Gray,Metallic","6,620",2495.8,CT6 Base,"$35,995",2017
"Crystal,White,Tricoat","30,922",1372.7,CT6 Platinum,"$43,999",2016
"Black,Raven","7,355",2405.6,CT6 Platinum,"$45,997",2016
"Crystal,White,Tricoat","14,852",2141.8,CT6 Luxury,"$27,900",2017
"Black,Raven","47,517",225.3,CT6 Luxury,"$34,000",2017
"Crystal,White,Tricoat","49,750",1405.6,CT6 Premium Luxury,"$39,997",2016
"Crystal,White,Tricoat","8,679",2428.1,CT6 Base,"$43,986",2018
"Red,Horizon,Tintcoat","8,190",1381.6,CT6 Premium Luxury,"$49,211",2019
"Dark,Emerald,Metallic","7,284",2495.8,CT6 Luxury,"$35,995",2017
"Stellar,Black,Metallic","32,654",781.3,CT6 Platinum,"$45,987",2017
"Crystal,White,Tricoat","7,295",1513.5,CT6 Luxury,"$39,800",2017
"Crystal,White,Tricoat","13,892",1272.0,CT6 Platinum,"$58,995",2018
"Stellar,Black,Metallic","26,700",829.5,CT6 Premium Luxury,"$45,889",2016
"Black,Raven","27,210",1252.4,CT6 Platinum,"$53,999",2017
"Black,Raven","27,616",1364.8,CT6 Premium Luxury,"$43,897",2017
"Radiant,Silver,Metallic","9,558",1429.2,CT6 Luxury,"$45,981",2018
"Black,Raven",Not,520.0,CT6 Platinum,"$48,000",2016
"Black,Raven","15,413",2399.6,CT6 Luxury,"$41,311",2018
"Red,Passion,Tintcoat","7,181",2435.5,CT6 Base,"$35,990",2017
"Black,Raven","16,485",2440.6,CT6 Base,"$33,998",2017
"Crystal,White,Tricoat","48,217",1248.0,CT6 Luxury,"$28,980",2016
"Phantom,Gray,Metallic","22,263",733.8,CT6 Luxury,"$39,386",2017
"Crystal,White,Tricoat","29,655",982.1,CT6 Premium Luxury,"$48,992",2017
"Crystal,White,Tricoat","16,268",2226.4,CT6 Premium Luxury,"$42,388",2016
"Crystal,White,Tricoat","14,576",1150.6,CT6 Premium Luxury,"$51,435",2018
"Crystal,White,Tricoat","32,134",1413.3,CT6 Platinum,"$52,188",2017
"Moonstone,Metallic","38,205",1169.7,CT6 Luxury,"$33,495",2016
"Black,Raven","49,722",643.9,CT6 Base,"$34,500",2016
"Stellar,Black,Metallic","72,040",515.3,CT6 Platinum,"$38,997",2017
"Radiant,Silver,Metallic","15,762",2119.6,CT6 Premium Luxury,"$44,890",2017
"Graphite,Metallic",Not,587.1,CT6 Platinum,"$44,397",2016
"Crystal,White,Tricoat","3,626",2454.3,CT6 Sport,"$56,907",2019
"Stellar,Black,Metallic","29,431",83.8,CT6 Luxury,"$36,990",2016
"Moonstone,Metallic","63,875",1018.4,CT6 Luxury,"$30,561",2016
"Crystal,White,Tricoat","25,832",1581.6,CT6 Platinum,"$53,992",2018
"Red,Passion,Tintcoat","37,842",1419.9,CT6 Platinum,"$38,466",2016
"Crystal,White,Tricoat","29,273",2458.3,CT6 Premium Luxury,"$39,995",2016
"Black,Raven","20,931",281.3,CT6 Platinum,"$59,500",2017
"Stellar,Black,Metallic","9,580",1381.6,CT6 Premium Luxury,"$47,257",2019
"Stone,Gray,Metallic","4,259",1381.6,CT6 Platinum,"$58,977",2018
"Black,Raven","44,153",1248.7,CT6 Luxury,"$29,990",2017
"Black,Raven","33,136",1413.3,CT6 Premium Luxury,"$39,988",2017
"Black,Raven","24,860",1419.5,CT6 Platinum,"$42,599",2016
"Black,Raven","11,331",1013.3,CT6 Platinum,"$59,997",2018
"Moonstone,Metallic","7,276",2538.8,CT6 Luxury,"$38,998",2017
"Crystal,White,Tricoat","6,261",1622.2,CT6 Premium Luxury,"$40,000",2016
"Crystal,White,Tricoat","55,639",560.4,CT6 Luxury,"$30,955",2016
"Stone,Gray,Metallic","26,407",753.2,CT6 Platinum,"$59,999",2018
"Stellar,Black,Metallic","33,920",2401.6,CT6 Luxury,"$36,820",2016
"Radiant,Silver,Metallic","31,105",2236.7,CT6 Base,"$38,703",2017
"Black,Raven","36,637",779.9,CT6 Platinum,"$42,810",2016
"Crystal,White,Tricoat","18,799",2226.4,CT6 Luxury,"$47,488",2018
"Black,Raven","66,883",542.4,CT6 Premium Luxury,"$34,500",2016
"Black,Raven","24,216",339.4,CT6 Premium Luxury,"$44,995",2017
"Crystal,White,Tricoat","39,214",809.0,CT6 Luxury,"$38,558",2017
"Dark,Adriatic,Blue","47,462",76.6,CT6 Luxury,"$37,990",2016
"Crystal,White,Tricoat","62,715",100.1,CT6 Premium Luxury,"$32,900",2016
"Stellar,Black,Metallic","5,011",991.8,CT6 Premium Luxury,"$58,900",2018
"Crystal,White,Tricoat","47,715",1058.9,CT6 Luxury,"$31,614",2016
"Moonstone,Metallic","26,859",1516.6,CT6 Luxury,"$34,998",2016
"Black,Raven","30,458",477.1,CT6 Luxury,"$40,995",2017
"Manhattan,Noir,Metallic","10,432",733.8,CT6 Platinum,"$69,486",2019
"Radiant,Silver,Metallic","23,076",2119.6,CT6 Luxury,"$35,330",2016
"Stellar,Black,Metallic","18,663",1007.0,CT6 Premium Luxury,"$47,993",2018
"Radiant,Silver,Metallic","10,024",857.2,CT6 Luxury,"$68,390",2018
"Moonstone,Metallic","14,107",2547.7,CT6 PLUG-IN,"$39,950",2017
"Stone,Gray,Metallic","1,759",1328.7,CT6 Platinum,"$61,247",2018
"Radiant,Silver,Metallic","22,624",719.0,CT6 Premium Luxury,"$51,966",2018
"Crystal,White,Tricoat","72,514",947.4,CT6 Luxury,"$26,990",2016
"Crystal,White,Tricoat","4,023",1064.2,CT6 Sport,"$66,949",2019
"Black,Raven","63,574",1413.3,CT6 Base,"$28,788",2017
"Crystal,White,Tricoat","19,256",1110.5,CT6 Premium Luxury,"$40,998",2016
"Graphite,Metallic","25,628",249.3,CT6 Luxury,"$36,997",2016
"Radiant,Silver,Metallic","37,357",1419.6,CT6 Luxury,"$33,998",2017
"Black,Raven","36,259",1134.0,CT6 Luxury,"$31,874",2016
"Crystal,White,Tricoat","1,420",2482.0,CT6 Luxury,"$46,777",2018
"Stellar,Black,Metallic","16,717",2119.6,CT6 Luxury,"$46,250",2018
"Radiant,Silver,Metallic","7,717",2538.8,CT6 Luxury,"$36,998",2017
"Crystal,White,Tricoat","36,274",1407.1,CT6 Luxury,"$31,998",2016
"Crystal,White,Tricoat","26,980",1433.1,CT6 Platinum,"$53,995",2017
"Crystal,White,Tricoat","23,016",1894.5,CT6 Premium Luxury,"$38,998",2016
"Crystal,White,Tricoat","44,271",785.2,CT6 Premium Luxury,"$37,288",2016
"Stellar,Black,Metallic","27,236",725.8,CT6 Premium Luxury,"$37,998",2017
"Crystal,White,Tricoat","16,006",823.6,CT6 Luxury,"$48,160",2018
"Dark,Adriatic,Blue","36,020",543.9,CT6 Luxury,"$37,997",2017
"Crystal,White,Tricoat","22,326",981.7,CT6 Premium Luxury,"$38,888",2017
"Crystal,White,Tricoat","8,205",2529.1,CT6 Platinum,"$53,495",2017
"Stellar,Black,Metallic","22,728",194.7,CT6 Luxury,"$39,950",2017
"Phantom,Gray,Metallic",Not,110.0,CT6 Luxury,"$40,742",2017
"Black,Raven","37,646",881.3,CT6 Luxury,"$32,779",2016
"Black,Raven","15,199",2447.0,CT6 Luxury,"$33,998",2016
"Black,Raven","20,198",542.4,CT6 Platinum,"$51,000",2017
"Crystal,White,Tricoat","28,680",557.7,CT6 Premium Luxury,"$41,995",2016
"Black,Raven","18,140",283.0,CT6 Base,"$37,541",2017
"Stellar,Black,Metallic","27,738",51.6,CT6 Luxury,"$35,995",2017
"Satin,Steel,Metallic","6,918",724.3,CT6 Luxury,"$52,421",2019
"Crystal,White,Tricoat","48,654",394.7,CT6 Premium Luxury,"$34,041",2016
"Crystal,White,Tricoat","9,401",385.4,CT6 Platinum,"$53,778",2018
"Black,Raven","29,898",285.5,CT6 Platinum,"$49,900",2016
"Crystal,White,Tricoat","12,331",76.6,CT6 Luxury,"$53,715",2019
"Stellar,Black,Metallic","16,797",595.0,CT6 Premium Luxury,"$44,760",2017
"Black,Raven","10,735",972.6,CT6 Platinum,"$58,899",2018
"Dark,Adriatic,Blue","18,958",690.8,CT6 Luxury,"$46,477",2018
"Dark,Adriatic,Blue","29,280",742.0,CT6 Base,"$34,998",2017
"Red,Passion,Tintcoat","37,350",738.0,CT6 Premium Luxury,"$35,971",2016
"Black,Raven","29,069",418.6,CT6 Premium Luxury,"$37,600",2016
"Stellar,Black,Metallic","66,639",834.8,CT6 Platinum,"$40,239",2016
"Stellar,Black,Metallic","5,929",942.4,CT6 PLUG-IN,"$46,600",2018
"Crystal,White,Tricoat","13,068",76.6,CT6 Luxury,"$52,715",2019
"Radiant,Silver,Metallic","5,281",498.3,CT6 Premium Luxury,"$49,988",2019
"Crystal,White,Tricoat","12,873",1060.9,CT6 Luxury,"$42,000",2017
"Radiant,Silver,Metallic","25,206",1508.0,CT6 Platinum,"$56,565",2018
"Crystal,White,Tricoat","20,732",678.7,CT6 Premium Luxury,"$41,900",2016
"Moonstone,Metallic","15,964",1635.8,CT6 Luxury,"$36,500",2016
"Stone,Gray,Metallic","18,695",716.9,CT6 Platinum,"$53,999",2018
"Red,Passion,Tintcoat","21,542",194.7,CT6 Base,"$36,997",2017
"Crystal,White,Tricoat","13,809",676.1,CT6 Luxury,"$39,900",2016
"Crystal,White,Tricoat","27,144",418.9,CT6 Premium Luxury,"$40,902",2017
"Crystal,White,Tricoat","2,907",2123.8,CT6 Platinum,"$49,777",2017
"Black,Raven","55,816",254.1,CT6 Luxury,"$33,000",2016
"Radiant,Silver,Metallic","1,558",818.0,CT6 Premium Luxury,"$56,998",2018
"Radiant,Silver,Metallic","6,474",1062.1,CT6 Luxury,"$45,995",2019
"Black,Raven","15,309",1413.3,CT6 Platinum,"$52,440",2017
"Radiant,Silver,Metallic","19,982",724.3,CT6 Platinum,"$55,995",2018
"Black,Raven","9,467",1419.4,CT6 Luxury,"$56,988",2019
"Black,Raven","29,347",472.5,CT6 Premium Luxury,"$38,998",2017
"Crystal,White,Tricoat","27,283",1080.0,CT6 Luxury,"$37,482",2016
"Red,Passion,Tintcoat","26,641",349.9,CT6 Base,"$33,999",2016
"Black,Raven","17,681",721.8,CT6 Premium Luxury,"$52,995",2019
"Stellar,Black,Metallic","49,652",534.8,CT6 Luxury,"$34,257",2016
"Moonstone,Metallic","17,355",1371.4,CT6 Luxury,"$39,700",2017
"Crystal,White,Tricoat","8,283",76.6,CT6 Luxury,"$54,715",2019
"Crystal,White,Tricoat","25,090",26.2,CT6 Premium Luxury,"$39,900",2016
"Manhattan,Noir,Metallic","8,052",76.6,CT6 Luxury,"$55,515",2019
"Crystal,White,Tricoat","26,023",302.2,CT6 Premium Luxury,"$38,776",2016
"Black,Raven","28,801",559.0,CT6 Premium Luxury,"$40,988",2016
"Stellar,Black,Metallic","18,787",912.8,CT6 Luxury,"$37,385",2017
"Black,Raven","1,871",1605.2,CT6 Premium Luxury,"$59,900",2018
"Moonstone,Metallic","33,572",165.3,CT6 Premium Luxury,"$35,707",2016
"Crystal,White,Tricoat","44,927",506.0,CT6 Luxury,"$30,913",2016
"Stellar,Black,Metallic","7,014",1101.7,CT6 Premium Luxury,"$43,500",2016
"Black,Raven","30,756",457.5,CT6 Premium Luxury,"$37,500",2016
"Moonstone,Metallic","11,312",698.7,CT6 Premium Luxury,"$47,995",2017
"Stellar,Black,Metallic","13,086",242.5,CT6 Premium Luxury,"$42,990",2017
"Satin,Steel,Metallic","7,135",1570.5,CT6 Platinum,"$62,995",2018
"Stellar,Black,Metallic","3,428",859.3,CT6 Luxury,"$54,101",2019
"Moonstone,Metallic","19,286",775.4,CT6 Luxury,"$35,995",2016
"Black,Raven","18,652",1429.2,CT6 Luxury,"$34,760",2016
"Bronze,Dune,Metallic","9,128",495.9,CT6 Premium Luxury,"$52,994",2019
"Stellar,Black,Metallic","8,611",1412.9,CT6 Luxury,"$36,998",2016
"Crystal,White,Tricoat","4,859",389.5,CT6 Luxury,"$50,987",2019
"Moonstone,Metallic","6,454",92.9,CT6 Luxury,"$39,995",2017
"Radiant,Silver,Metallic","17,626",849.3,CT6 Luxury,"$42,990",2018
"Crystal,White,Tricoat","15,389",542.4,CT6 Premium Luxury,"$41,500",2016
"Dark,Emerald,Metallic","52,927",516.7,CT6 Luxury,"$31,895",2017
"Black,Raven","24,743",42.8,CT6 Luxury,"$39,995",2016
"Stellar,Black,Metallic","19,009",418.5,CT6 Platinum,"$49,595",2017
"Radiant,Silver,Metallic","3,026",733.2,CT6 Luxury,"$54,923",2018
"Stellar,Black,Metallic","16,004",2155.6,CT6 Platinum,"$38,499",2017
"Black,Raven","16,414",76.6,CT6 Luxury,"$49,865",2017
"Black,Raven","28,621",1028.2,CT6 Luxury,"$32,946",2016
"Radiant,Silver,Metallic","12,465",708.7,CT6 Premium Luxury,"$45,795",2018
"Bronze,Dune,Metallic","5,938",773.4,CT6 Luxury,"$42,895",2019
"Crystal,White,Tricoat","36,789",409.4,CT6 Luxury,"$33,537",2016
"Moonstone,Metallic","32,852",294.9,CT6 Premium Luxury,"$38,990",2016
"Crystal,White,Tricoat","15,705",554.6,CT6 Platinum,"$53,988",2017
"Crystal,White,Tricoat","29,286",1362.5,CT6 Platinum,"$49,385",2017
"Stellar,Black,Metallic","29,714",1073.3,CT6 Premium Luxury,"$37,299",2016
"Crystal,White,Tricoat","13,080",1973.0,CT6 Premium Luxury,"$31,699",2017
"Crystal,White,Tricoat","12,067",591.1,CT6 Luxury,"$44,995",2017
"Crystal,White,Tricoat","14,316",980.1,CT6 Luxury,"$39,260",2017
"Black,Raven","28,438",206.4,CT6 Platinum,"$47,000",2016
"Stellar,Black,Metallic","17,092",1419.4,CT6 Luxury,"$39,988",2017
"Crystal,White,Tricoat","32,673",491.1,CT6 Luxury,"$36,679",2017
"Dark,Adriatic,Blue","19,652",570.5,CT6 Premium Luxury,"$40,500",2017
"Crystal,White,Tricoat","4,141",212.3,CT6 Luxury,"$52,995",2018
"Dark,Adriatic,Blue","25,676",607.1,CT6 Premium Luxury,"$39,948",2016
"Black,Raven","8,103",194.7,CT6 Luxury,"$49,900",2018
"Crystal,White,Tricoat","14,688",557.7,CT6 Platinum,"$48,980",2016
"Red,Horizon,Tintcoat","24,424",613.3,CT6 Premium Luxury,"$42,990",2018
"Manhattan,Noir,Metallic","8,208",164.7,CT6 Sport,"$62,598",2019
"Graphite,Metallic","39,146",294.9,CT6 Luxury,"$34,995",2016
"Red,Passion,Tintcoat","16,195",1016.8,CT6 Platinum,"$49,998",2017
"Black,Raven","26,257",717.7,CT6 Base,"$37,900",2016
"Crystal,White,Tricoat","20,838",25.5,CT6 Premium Luxury,"$40,648",2017
"Black,Raven","3,335",682.1,CT6 Platinum,"$64,888",2018
"Stellar,Black,Metallic","38,748",195.4,CT6 Base,"$30,998",2016
"Crystal,White,Tricoat","9,953",76.6,CT6 Platinum,"$59,395",2017
"Black,Raven","12,733",76.6,CT6 Premium Luxury,"$52,790",2018
"Midnight,Sky,Metallic","18,787",1508.0,CT6 Platinum,"$61,830",2018
"Crystal,White,Tricoat","16,241",1429.2,CT6 Luxury,"$35,750",2017
"Crystal,White,Tricoat","10,684",56.1,CT6 Premium Luxury,"$55,458",2018
"Stone,Gray,Metallic","7,797",1973.0,CT6 Luxury,"$36,699",2018
"Radiant,Silver,Metallic","24,236",373.9,CT6 Premium Luxury,"$38,990",2018
"Radiant,Silver,Metallic","47,747",500.6,CT6 Luxury,"$32,990",2016
"Crystal,White,Tricoat","8,865",651.4,CT6 Premium Luxury,"$46,990",2017
"Radiant,Silver,Metallic","11,554",1350.4,CT6 Premium Luxury,"$41,998",2017
"Stone,Gray,Metallic","12,631",613.3,CT6 Base,"$34,990",2018
"Black,Raven","68,999",1002.0,CT6 Premium Luxury,"$32,989",2017
"Crystal,White,Tricoat","14,242",726.5,CT6 Premium Luxury,"$41,399",2016
"Black,Raven","7,438",718.4,CT6 Luxury,"$39,000",2017
"Red,Passion,Tintcoat","25,039",642.8,CT6 Premium Luxury,"$37,998",2017
"Black,Raven","30,028",394.7,CT6 Premium Luxury,"$37,570",2016
"Radiant,Silver,Metallic","4,867",1429.2,CT6 Premium Luxury,"$48,340",2019
"Black,Raven","18,191",136.4,CT6 Luxury,"$34,750",2016
"Stellar,Black,Metallic","6,080",1364.8,CT6 Luxury,"$41,483",2018
"Red,Passion,Tintcoat","14,181",746.8,CT6 Premium Luxury,"$42,395",2017
"Black,Raven","6,306",76.6,CT6 Premium Luxury,"$56,190",2019
"Moonstone,Metallic","20,647",1564.7,CT6 Luxury,"$40,950",2017
"Radiant,Silver,Metallic","12,458",698.7,CT6 Luxury,"$43,995",2017
"Black,Raven","23,636",228.6,CT6 Base,"$34,998",2017
"Stellar,Black,Metallic","10,516",496.2,CT6 Luxury,"$46,485",2018
"Black,Raven","27,268",33.9,CT6 Luxury,"$38,995",2016
"Black,Raven","18,658",894.3,CT6 Base,"$33,998",2016
"Black,Raven","12,438",1429.2,CT6 Luxury,"$43,580",2018
"Bronze,Dune,Metallic","7,238",637.0,CT6 Premium Luxury,"$50,800",2018
"Dark,Adriatic,Blue","5,660",212.3,CT6 Premium Luxury,"$46,995",2017
"Stellar,Black,Metallic","7,963",206.4,CT6 Base,"$44,000",2017
"Black,Raven","15,515",2145.2,CT6 Base,"$32,788",2017
"Crystal,White,Tricoat","25,427",591.0,CT6 Luxury,"$43,914",2018
"Phantom,Gray,Metallic","4,888",1966.6,CT6 Luxury,"$30,289",2017
"Crystal,White,Tricoat","9,189",643.2,CT6 Luxury,"$44,859",2017
"Dark,Emerald,Metallic","7,685",1900.3,CT6 Luxury,"$36,475",2017
"Radiant,Silver,Metallic","7,497",457.0,CT6 Premium Luxury,"$45,900",2018
"Radiant,Silver,Metallic","26,628",473.1,CT6 Luxury,"$33,998",2016
"Crystal,White,Tricoat","2,499",490.5,CT6 Luxury,"$53,000",2019
"Radiant,Silver,Metallic","30,260",516.7,CT6 Platinum,"$52,695",2018
"Manhattan,Noir,Metallic","5,725",1130.4,CT6 Sport,"$66,950",2019
"Stellar,Black,Metallic","32,312",60.3,CT6 Luxury,"$34,900",2016
"Satin,Steel,Metallic","17,707",186.4,CT6 Premium Luxury,"$66,595",2019
"Stellar,Black,Metallic","5,861",242.3,CT6 PLUG-IN,"$48,000",2018
"Crystal,White,Tricoat","1,136",1100.2,CT6 Luxury,"$44,988",2018
"Crystal,White,Tricoat","41,534",1080.7,CT6 Premium Luxury,"$34,900",2016
"Crystal,White,Tricoat","19,903",1027.6,CT6 Platinum,"$46,970",2016
"Black,Raven","9,663",76.6,CT6 Luxury,"$52,990",2019
"Red,Passion,Tintcoat","15,891",646.1,CT6 Platinum,"$56,510",2017
"Black,Raven","35,517",394.7,CT6 Premium Luxury,"$37,999",2017
"Phantom,Gray,Metallic","18,304",192.2,CT6 Premium Luxury,"$46,976",2017
"Moonstone,Metallic","26,424",289.2,CT6 Premium Luxury,"$36,998",2016
"Crystal,White,Tricoat","17,293",696.0,CT6 Luxury,"$36,998",2016
"Moonstone,Metallic","25,205",1031.8,CT6 Platinum,"$52,900",2017
"Dark,Adriatic,Blue","15,351",729.9,CT6 Luxury,"$42,450",2017
"Black,Raven","8,701",1018.6,CT6 Luxury,"$46,995",2019
"Graphite,Metallic","27,831",508.8,CT6 Premium Luxury,"$38,000",2016
"Satin,Steel,Metallic","5,935",785.2,CT6 Premium Luxury,"$47,788",2019
"Crystal,White,Tricoat","29,739",45.9,CT6 Luxury,"$36,995",2016
"Red,Passion,Tintcoat","11,195",76.6,CT6 Base,"$43,235",2017
"Black,Raven","16,564",16.2,CT6 Premium Luxury,"$40,900",2016
"Black,Raven","29,579",1373.0,CT6 Premium Luxury,"$36,559",2017
"Phantom,Gray,Metallic","36,357",857.2,CT6 Platinum,"$46,951",2017
"Black,Raven",657,285.6,CT6 Luxury,"$45,000",2017
"Moonstone,Metallic","17,602",83.8,CT6 Luxury,"$39,988",2017
"Manhattan,Noir,Metallic","1,054",831.3,CT6 Sport,"$57,995",2019
"Black,Raven","27,131",732.3,CT6 Platinum,"$56,577",2018
"Dark,Adriatic,Blue","24,145",1080.8,CT6 Luxury,"$34,894",2016
"Red,Horizon,Tintcoat",5,616.0,CT6 Premium Luxury,"$67,072",2018
"Crystal,White,Tricoat","25,906",527.8,CT6 Luxury,"$36,000",2016
"Crystal,White,Tricoat","19,674",1044.2,CT6 Base,"$34,888",2016
"Crystal,White,Tricoat","44,792",857.2,CT6 Luxury,"$33,900",2016
"Red,Passion,Tintcoat","15,695",249.3,CT6 Premium Luxury,"$39,399",2016
"Red,Passion,Tintcoat","27,912",501.7,CT6 Luxury,"$37,980",2017
"Crystal,White,Tricoat","27,088",716.9,CT6 Luxury,"$37,200",2017
"Moonstone,Metallic","8,108",482.9,CT6 Premium Luxury,"$44,999",2017
"Crystal,White,Tricoat","5,272",212.3,CT6 Luxury,"$50,995",2018
"Black,Raven","11,652",194.7,CT6 Base,"$36,900",2016
"Shadow,Metallic","9,637",482.9,CT6 Luxury,"$43,900",2019
"Red,Passion,Tintcoat","15,490",394.7,CT6 Platinum,"$47,999",2016
"Moonstone,Metallic","1,937",831.3,CT6 Luxury,"$38,995",2017
"Crystal,White,Tricoat","25,229",534.8,CT6 Premium Luxury,"$41,899",2017
"Graphite,Metallic","20,005",1006.9,CT6 Premium Luxury,"$35,998",2016
"Red,Passion,Tintcoat","16,865",860.9,CT6 Luxury,"$43,024",2017
"Crystal,White,Tricoat","14,638",1042.0,CT6 Base,"$37,998",2017
"Satin,Steel,Metallic","3,517",19.6,CT6 Luxury,"$54,588",2019
"Radiant,Silver,Metallic","16,048",108.0,CT6 Luxury,"$38,981",2017
"Crystal,White,Tricoat","10,082",628.9,CT6 Luxury,"$44,995",2018
"Stellar,Black,Metallic","4,242",1054.4,CT6 Luxury,"$66,515",2018
"Radiant,Silver,Metallic","2,915",470.9,CT6 Luxury,"$46,500",2018
"Black,Raven","2,354",229.0,CT6 Platinum,"$61,000",2018
"Crystal,White,Tricoat","15,409",998.9,CT6 Luxury,"$33,998",2016
"Satin,Steel,Metallic","2,427",891.2,CT6 Luxury,"$52,988",2019
"Black,Raven","5,599",188.4,CT6 Premium Luxury,"$59,995",2018
"Phantom,Gray,Metallic","32,325",473.3,CT6 Premium Luxury,"$37,150",2017
"Crystal,White,Tricoat","16,903",305.4,CT6 Luxury,"$34,699",2016
"Red,Passion,Tintcoat","18,510",409.4,CT6 Luxury,"$39,793",2017
"Crystal,White,Tricoat","13,685",859.3,CT6 Platinum,"$57,501",2018
"Stellar,Black,Metallic","13,806",598.7,CT6 Platinum,"$51,900",2018
"Radiant,Silver,Metallic","8,255",1.4,CT6 Platinum,"$52,888",2017
"Crystal,White,Tricoat","29,067",174.9,CT6 Platinum,"$48,646",2017
"Crystal,White,Tricoat","7,200",29.6,CT6 Base,"$42,773",2018
"Black,Raven","17,754",672.3,CT6 Premium Luxury,"$39,998",2016
"Radiant,Silver,Metallic","4,327",1392.5,CT6 Platinum,"$67,777",2019
"Red,Passion,Tintcoat","45,833",396.7,CT6 Platinum,"$42,000",2017
"Black,Raven","10,514",164.7,CT6 Luxury,"$44,798",2018
"Radiant,Silver,Metallic","20,334",528.9,CT6 Luxury,"$34,998",2016
"Radiant,Silver,Metallic","7,701",849.3,CT6 Premium Luxury,"$42,927",2018
"Crystal,White,Tricoat","12,144",318.8,CT6 Luxury,"$44,995",2018
"Black,Raven","19,935",229.0,CT6 Platinum,"$53,295",2018
"Black,Raven","15,467",405.0,CT6 Premium Luxury,"$46,500",2018
"Graphite,Metallic","14,792",174.9,CT6 Base,"$36,801",2016
"Crystal,White,Tricoat","12,270",1074.8,CT6 Premium Luxury,"$39,998",2017
"Crystal,White,Tricoat","4,543",75.8,CT6 Luxury,"$37,999",2017
"Bronze,Dune,Metallic","23,749",1049.7,CT6 Luxury,"$36,566",2017
"Crystal,White,Tricoat","16,802",374.7,CT6 Luxury,"$36,500",2017
"Radiant,Silver,Metallic","17,434",71.5,CT6 Base,"$27,900",2017
"Radiant,Silver,Metallic","44,875",726.8,CT6 Base,"$29,985",2016
"Stellar,Black,Metallic","12,589",934.3,CT6 PLUG-IN,"$33,695",2017
"Dark,Adriatic,Blue","13,904",718.4,CT6 Luxury,"$37,480",2017
"Radiant,Silver,Metallic","15,585",742.0,CT6 Luxury,"$38,998",2017
"Crystal,White,Tricoat","8,975",642.9,CT6 Luxury,"$35,900",2016
"Black,Raven","17,164",1429.8,CT6 Platinum,"$54,975",2018
"Black,Raven","13,074",196.9,CT6 Luxury,"$43,900",2017
"Black,Raven","6,365",288.5,CT6 Sport,"$65,900",2019
"Crystal,White,Tricoat","18,530",205.2,CT6 Platinum,"$51,445",2017
"Radiant,Silver,Metallic","12,036",883.5,CT6 Luxury,"$39,998",2017
"Radiant,Silver,Metallic","12,243",856.8,CT6 Platinum,"$59,900",2018
"Black,Raven","53,194",356.6,CT6 Luxury,"$34,444",2017
"Stellar,Black,Metallic","26,336",925.9,CT6 Platinum,"$42,995",2016
"Black,Raven","44,104",559.9,CT6 Luxury,"$32,995",2017
"Phantom,Gray,Metallic","50,237",37.3,CT6 Platinum,"$42,690",2017
"Stone,Gray,Metallic","17,749",555.2,CT6 Premium Luxury,"$41,790",2018
"Black,Raven","18,562",21.1,CT6 Luxury,"$37,995",2016
"Moonstone,Metallic","24,637",60.3,CT6 Luxury,"$37,900",2017
"Stellar,Black,Metallic","15,062",751.7,CT6 Luxury,"$40,997",2017
"Crystal,White,Tricoat","6,495",1164.0,CT6 Luxury,"$46,790",2018
"Black,Raven","4,466",212.3,CT6 Base,"$41,995",2018
"Red,Horizon,Tintcoat","7,336",331.8,CT6 Platinum,"$67,410",2018
"Satin,Steel,Metallic","4,598",288.5,CT6 Luxury,"$61,900",2019
"Satin,Steel,Metallic","9,159",622.9,CT6 Sport,"$53,500",2019
"Black,Raven","31,508",33.9,CT6 Platinum,"$45,085",2016
"Moonstone,Metallic","36,918",186.4,CT6 Platinum,"$43,989",2016
"Radiant,Silver,Metallic","17,372",153.5,CT6 Luxury,"$32,990",2016
"Black,Raven","23,962",476.8,CT6 Premium Luxury,"$36,998",2016
"Radiant,Silver,Metallic","12,037",1087.3,CT6 Luxury,"$35,998",2017
"Crystal,White,Tricoat","15,984",212.3,CT6 Premium Luxury,"$51,990",2018
"Crystal,White,Tricoat","6,913",471.1,CT6 Premium Luxury,"$52,998",2018
"Crystal,White,Tricoat","6,178",23.4,CT6 Luxury,"$49,900",2018
"Black,Raven","3,749",212.3,CT6 Base,"$36,995",2017
"Crystal,White,Tricoat","3,585",1615.1,CT6 Premium Luxury,"$39,999",2018
"Black,Raven","15,102",717.7,CT6 Luxury,"$51,999",2018
"Black,Raven","4,772",1508.0,CT6 Sport,"$62,856",2019
"Crystal,White,Tricoat","5,021",860.9,CT6 Base,"$43,000",2017
"Crystal,White,Tricoat","19,440",781.2,CT6 PLUG-IN,"$37,488",2017
"Stone,Gray,Metallic","6,749",206.4,CT6 Luxury,"$48,500",2018
"Radiant,Silver,Metallic","9,312",1371.4,CT6 Luxury,"$47,450",2018
"Black,Raven","29,832",891.7,CT6 Platinum,"$38,992",2016
"Stone,Gray,Metallic","9,983",1636.0,CT6 Premium Luxury,"$37,999",2018
"Radiant,Silver,Metallic","15,937",725.8,CT6 Base,"$32,998",2016
"Crystal,White,Tricoat","25,988",1110.0,CT6 Luxury,"$35,712",2016
"Black,Raven","9,339",1615.1,CT6 Premium Luxury,"$30,399",2016
"Black,Raven","3,774",635.2,CT6 Luxury,"$46,850",2018
"Black,Raven","41,164",33.9,CT6 Premium Luxury,"$37,415",2016
"Radiant,Silver,Metallic","28,201",394.7,CT6 Platinum,"$44,999",2017
"Dark,Emerald,Metallic","52,101",135.8,CT6 Platinum,"$36,995",2016
"Stellar,Black,Metallic","8,407",212.3,CT6 PLUG-IN,"$40,995",2018
"Stellar,Black,Metallic","3,039",718.2,CT6 Premium Luxury,"$59,780",2018
"Black,Raven","11,363",135.8,CT6 Sport,"$62,695",2019
"Crystal,White,Tricoat","18,432",1073.3,CT6 Luxury,"$39,795",2017
"Black,Raven","9,243",956.9,CT6 Luxury,"$55,562",2019
"Moonstone,Metallic","59,023",409.3,CT6 Premium Luxury,"$32,990",2016
"Crystal,White,Tricoat","21,700",1362.5,CT6 Base,"$37,610",2017
"Black,Raven","32,343",294.9,CT6 Luxury,"$38,992",2018
"Graphite,Metallic","48,965",33.9,CT6 Platinum,"$40,558",2016
"Crystal,White,Tricoat","10,277",1102.7,CT6 Luxury,"$34,998",2017
"Black,Raven","7,960",388.2,CT6 Luxury,"$41,999",2016
"Crystal,White,Tricoat","2,766",1077.7,CT6 Sport,"$58,600",2019
"Black,Raven","1,860",856.8,CT6 Platinum,"$56,500",2017
"Crystal,White,Tricoat","27,566",718.2,CT6 Platinum,"$40,500",2017
"Radiant,Silver,Metallic","19,336",388.2,CT6 Luxury,"$39,999",2018
"Crystal,White,Tricoat","16,400",559.5,CT6 Platinum,"$48,000",2017
"Stellar,Black,Metallic","6,166",83.8,CT6 Premium Luxury,"$47,990",2018
"Red,Passion,Tintcoat","13,754",720.0,CT6 Luxury,"$36,998",2016
"Stellar,Black,Metallic","12,297",1383.7,CT6 Platinum,"$49,000",2016
"Black,Raven","7,171",1615.1,CT6 Luxury,"$29,999",2017
"Bronze,Dune,Metallic",364,1536.1,CT6 Base,"$42,750",2018
"Red,Passion,Tintcoat","5,999",751.6,CT6 Platinum,"$45,998",2016
"Black,Raven","1,447",1104.0,CT6 Premium Luxury,"$49,995",2018
"Stellar,Black,Metallic","15,049",174.9,CT6 Platinum,"$66,922",2019
"Black,Raven","20,552",212.3,CT6 Premium Luxury,"$42,995",2017
"Moonstone,Metallic","24,281",230.4,CT6 Premium Luxury,"$37,998",2017
"Satin,Steel,Metallic","13,987",174.9,CT6 Premium Luxury,"$59,998",2019
"Red,Passion,Tintcoat","20,183",108.9,CT6 Base,"$34,599",2016
"Black,Raven","15,236",640.3,CT6 Luxury,"$35,998",2016
"Black,Raven","38,211",486.0,CT6 Premium Luxury,"$35,432",2016
"Crystal,White,Tricoat","24,838",718.2,CT6 Premium Luxury,"$37,750",2017
"Red,Horizon,Tintcoat","1,516",1636.0,CT6 Luxury,"$36,999",2018
"Satin,Steel,Metallic",275,403.4,CT6 Luxury,"$55,678",2019
"Crystal,White,Tricoat","17,582",13.5,CT6 Platinum,"$49,767",2017
"Red,Passion,Tintcoat","16,072",294.2,CT6 Premium Luxury,"$37,998",2016
"Dark,Adriatic,Blue","16,381",739.0,CT6 Luxury,"$39,688",2017
"Crystal,White,Tricoat","37,672",2.8,CT6 Luxury,"$36,125",2016
"Radiant,Silver,Metallic","12,168",891.3,CT6 Luxury,"$38,484",2018
"Black,Raven","37,827",635.4,CT6 Base,"$31,172",2016
"Red,Horizon,Tintcoat","11,098",1000.0,CT6 Luxury,"$39,998",2018
"Manhattan,Noir,Metallic","4,950",476.8,CT6 Sport,"$61,778",2019
"Moonstone,Metallic","7,545",457.5,CT6 Luxury,"$44,001",2017
"Manhattan,Noir,Metallic","5,010",49.6,CT6 Premium Luxury,"$45,899",2019
"Black,Raven","4,086",1064.2,CT6 Base,"$39,888",2017
"Shadow,Metallic","9,566",174.9,CT6 Premium Luxury,"$59,888",2019
"Radiant,Silver,Metallic","12,022",841.1,CT6 Luxury,"$34,988",2017
"Crystal,White,Tricoat","6,741",174.9,CT6 Sport,"$64,919",2019
"Crystal,White,Tricoat","10,760",473.1,CT6 Base,"$37,998",2017
"Red,Passion,Tintcoat","18,324",181.4,CT6 Luxury,"$37,975",2017
"Black,Raven","26,552",442.2,CT6 Platinum,"$48,476",2017
"Crystal,White,Tricoat","26,838",718.2,CT6 PLUG-IN,"$32,990",2017
"Crystal,White,Tricoat","14,000",1119.4,CT6 Platinum,"$55,690",2018
"Crystal,White,Tricoat","19,346",1419.4,CT6 Luxury,"$38,288",2016
"Radiant,Silver,Metallic","11,545",102.7,CT6 Platinum,"$61,900",2018
"Crystal,White,Tricoat","11,615",294.9,CT6 Platinum,"$61,000",2017
"Stellar,Black,Metallic","16,989",212.3,CT6 Platinum,"$54,990",2018
"Crystal,White,Tricoat","3,803",728.0,CT6 Premium Luxury,"$49,998",2018
"Black,Raven","14,490",856.8,CT6 Premium Luxury,"$51,800",2018
"Red,Passion,Tintcoat","16,600",473.1,CT6 Base,"$33,998",2017
"Red,Passion,Tintcoat","24,905",621.7,CT6 Luxury,"$38,390",2017
"Crystal,White,Tricoat","21,699",936.0,CT6 Platinum,"$48,489",2017
"Crystal,White,Tricoat","9,542",482.9,CT6 Platinum,"$63,900",2018
"Crystal,White,Tricoat","18,241",174.9,CT6 Luxury,"$48,805",2018
"Dark,Adriatic,Blue","4,361",174.9,CT6 Platinum,"$54,908",2018
"Crystal,White,Tricoat","12,952",212.3,CT6 Premium Luxury,"$45,995",2018
"Radiant,Silver,Metallic","28,043",523.0,CT6 Luxury,"$33,330",2016
"Crystal,White,Tricoat","13,388",298.0,CT6 Luxury,"$39,118",2017
"Phantom,Gray,Metallic","10,977",1419.4,CT6 Premium Luxury,"$41,988",2017
"Manhattan,Noir,Metallic","14,421",174.9,CT6 Sport,"$59,282",2019
"Stellar,Black,Metallic","11,913",716.9,CT6 Luxury,"$46,050",2018
"Black,Raven","5,772",186.4,CT6 Sport,"$59,270",2019
"Crystal,White,Tricoat","28,715",153.5,CT6 Platinum,"$52,117",2018
"Satin,Steel,Metallic","7,616",174.9,CT6 Premium Luxury,"$58,870",2019
"Black,Raven","17,065",403.4,CT6 Luxury,"$38,988",2017
"Shadow,Metallic","7,226",174.9,CT6 Premium Luxury,"$59,888",2019
"Manhattan,Noir,Metallic","4,940",174.9,CT6 Premium Luxury,"$60,954",2019
"Stellar,Black,Metallic","20,137",490.9,CT6 Platinum,"$51,000",2018
"Crystal,White,Tricoat","12,272",1080.8,CT6 Luxury,"$35,994",2016
"Stellar,Black,Metallic","8,779",174.9,CT6 Premium Luxury,"$59,703",2019
"Satin,Steel,Metallic","4,574",174.9,CT6 Sport,"$63,971",2019
"Dark,Adriatic,Blue","4,312",835.8,CT6 Base,"$39,092",2018
"Stellar,Black,Metallic","10,618",755.6,CT6 Platinum,"$56,990",2017
"Black,Raven","11,425",21.1,CT6 Luxury,"$44,995",2018
"Black,Raven","8,590",34.4,CT6 Premium Luxury,"$46,995",2018
"Stellar,Black,Metallic","13,624",490.9,CT6 Premium Luxury,"$49,487",2018
"Black,Raven",285,891.7,CT6 Base,"$48,596",2017
"Radiant,Silver,Metallic","7,790",13.5,CT6 Premium Luxury,"$51,970",2019
"Radiant,Silver,Metallic","2,611",470.9,CT6 Luxury,"$46,900",2018
"Crystal,White,Tricoat","10,621",26.0,CT6 Premium Luxury,"$45,999",2017
"Red,Passion,Tintcoat","22,260",2.8,CT6 Base,"$33,969",2016
"Black,Raven","2,947",85.3,CT6 Platinum,"$59,777",2018
"Crystal,White,Tricoat","19,649",174.9,CT6 Luxury,"$42,907",2018
"Radiant,Silver,Metallic","4,454",470.9,CT6 Luxury,"$46,975",2018
"Crystal,White,Tricoat","20,001",503.8,CT6 Luxury,"$41,994",2017
"Satin,Steel,Metallic","8,413",212.3,CT6 Premium Luxury,"$52,995",2018
"Black,Raven","25,583",501.7,CT6 Platinum,"$47,800",2017
"Red,Horizon,Tintcoat","18,395",857.2,CT6 Platinum,"$56,999",2018
"Graphite,Metallic","28,266",85.3,CT6 Base,"$34,377",2016
"Moonstone,Metallic","17,831",739.0,CT6 Premium Luxury,"$40,488",2016
"Radiant,Silver,Metallic",841,516.2,CT6 Platinum,"$60,500",2016
"Stellar,Black,Metallic","7,296",2414.9,CT6 PLUG-IN,"$45,982",2018
"Crystal,White,Tricoat","12,890",857.2,CT6 Platinum,"$50,900",2017
"Black,Raven","6,193",174.9,CT6 Sport,"$59,011",2019
"Crystal,White,Tricoat","20,939",501.7,CT6 Premium Luxury,"$39,330",2016
"Stellar,Black,Metallic","22,299",486.0,CT6 Luxury,"$38,480",2017
"Moonstone,Metallic","4,957",212.3,CT6 PLUG-IN,"$41,995",2017
"Black,Raven","9,720",519.5,CT6 Platinum,"$48,500",2017
"Stellar,Black,Metallic","18,875",739.0,CT6 Luxury,"$37,288",2016
"Stellar,Black,Metallic","1,296",766.2,CT6 PLUG-IN,"$49,900",2018
"Radiant,Silver,Metallic","15,459",891.7,CT6 Premium Luxury,"$39,998",2017
"Radiant,Silver,Metallic","5,373",159.2,CT6 Base,"$32,998",2017
"Crystal,White,Tricoat","9,458",178.0,CT6 Platinum,"$54,960",2017
"Stellar,Black,Metallic","16,243",254.0,CT6 Premium Luxury,"$48,497",2018
"Stellar,Black,Metallic","16,520",178.0,CT6 Premium Luxury,"$39,999",2017
"Radiant,Silver,Metallic","6,116",702.1,CT6 Premium Luxury,"$51,280",2019
"Satin,Steel,Metallic","17,279",210.5,CT6 Platinum,"$58,986",2018
"Crystal,White,Tricoat","16,390",739.0,CT6 Premium Luxury,"$39,988",2016
"Crystal,White,Tricoat",196,516.3,CT6 Luxury,"$46,750",2019
"Moonstone,Metallic","24,147",2.8,CT6 Base,"$34,576",2016
"Crystal,White,Tricoat","12,710",1080.7,CT6 Base,"$39,594",2018
"Bronze,Dune,Metallic","11,394",186.4,CT6 Platinum,"$52,990",2018
"Black,Raven","19,936",283.8,CT6 Base,"$35,919",2016
"Stellar,Black,Metallic","2,922",516.2,CT6 Premium Luxury,"$53,000",2016
"Crystal,White,Tricoat","15,520",24.8,CT6 Premium Luxury,"$41,777",2016
"Graphite,Metallic","13,305",27.4,CT6 Luxury,"$33,899",2016
"Black,Raven",340,516.2,CT6 Premium Luxury,"$55,000",2016
"Crystal,White,Tricoat","8,326",730.8,CT6 Base,"$45,000",2018
"Crystal,White,Tricoat","24,306",33.9,CT6 Luxury,"$36,495",2016
"Black,Raven","9,771",182.7,CT6 Platinum,"$61,685",2018
"Crystal,White,Tricoat","1,825",144.1,CT6 Luxury,"$60,902",2018
"Crystal,White,Tricoat","4,484",516.7,CT6 Luxury,"$45,995",2018
"Satin,Steel,Metallic","7,424",182.7,CT6 Platinum,"$62,689",2018
"Crystal,White,Tricoat","19,150",523.0,CT6 Premium Luxury,"$49,407",2018
"Red,Horizon,Tintcoat",631,635.4,CT6 Luxury,"$54,223",2019
"Stellar,Black,Metallic","8,821",486.0,CT6 Premium Luxury,"$48,494",2018
"Black,Raven","5,213",1093.0,CT6 Luxury,"$29,850",2017
"Crystal,White,Tricoat","2,191",1093.0,CT6 PLUG-IN,"$37,850",2017
"Stellar,Black,Metallic","18,618",516.2,CT6 Platinum,"$44,988",2017
"Black,Raven","17,676",2.8,CT6 Luxury,"$45,878",2018
"Red,Passion,Tintcoat","3,445",83.9,CT6 Luxury,"$46,995",2017
"Stellar,Black,Metallic","5,898",186.4,CT6 Luxury,"$48,495",2018
"Crystal,White,Tricoat","6,419",103.3,CT6 Luxury,"$50,500",2018
"Crystal,White,Tricoat","12,803",857.2,CT6 Platinum,"$43,900",2016
"Stellar,Black,Metallic","13,421",182.7,CT6 Premium Luxury,"$55,685",2018
"Radiant,Silver,Metallic","11,939",739.0,CT6 Premium Luxury,"$41,988",2016
"Red,Horizon,Tintcoat","4,150",38.0,CT6 Luxury,"$43,995",2018
"Radiant,Silver,Metallic","5,121",103.3,CT6 Luxury,"$53,500",2018
"Dark,Adriatic,Blue","9,919",503.8,CT6 Base,"$39,994",2016
"Satin,Steel,Metallic","6,555",174.9,CT6 Premium Luxury,"$49,919",2018
"Graphite,Metallic","2,872",516.2,CT6 Luxury,"$45,000",2016
"Stellar,Black,Metallic","12,676",33.9,CT6 Premium Luxury,"$43,399",2016
"Crystal,White,Tricoat","12,307",210.5,CT6 Platinum,"$53,987",2017
"Crystal,White,Tricoat","4,251",1418.4,CT6 Base,"$37,998",2018
"Radiant,Silver,Metallic","7,696",762.0,CT6 Premium Luxury,"$50,900",2019
"Black,Raven","37,303",1143.0,CT6 Luxury,"$30,500",2016
"Black,Raven","60,239",738.0,CT6 Platinum,"$44,971",2018
"Radiant,Silver,Metallic","3,260",2362.4,CT6 Premium Luxury,"$47,000",2018
"Black,Raven","9,758",1225.4,CT6 Luxury,"$46,999",2018
"Black,Raven","25,745",882.9,CT6 Platinum,"$41,722",2016
"Black,Raven","53,917",479.2,CT6 Platinum,"$33,900",2016
"Crystal,White,Tricoat","35,592",700.1,CT6 Platinum,"$39,900",2016
"Crystal,White,Tricoat","14,239",1381.6,CT6 PLUG-IN,"$44,788",2018
"Crystal,White,Tricoat","22,290",2392.6,CT6 Premium Luxury,"$35,995",2016
"Crystal,White,Tricoat","7,543",2229.8,CT6 Platinum,"$42,499",2017
"Crystal,White,Tricoat","66,581",1082.0,CT6 Premium Luxury,"$27,998",2017
"Crystal,White,Tricoat","5,995",503.8,CT6 Luxury,"$45,993",2018
"Crystal,White,Tricoat","12,498",516.2,CT6 Premium Luxury,"$40,988",2017
"Dark,Adriatic,Blue","9,660",188.7,CT6 Premium Luxury,"$49,895",2018
"Moonstone,Metallic","4,535",1093.0,CT6 Luxury,"$27,850",2017
"Radiant,Silver,Metallic",514,18.9,CT6 Base,"$36,495",2017
"Black,Raven","17,103",762.4,CT6 Base,"$32,998",2016
"Stellar,Black,Metallic","8,747",1104.0,CT6 Premium Luxury,"$49,995",2018
"Crystal,White,Tricoat","24,070",165.3,CT6 Premium Luxury,"$44,495",2018
"Black,Raven","25,201",1099.2,CT6 Luxury,"$34,600",2017
"Black,Raven","18,119",315.0,CT6 Luxury,"$42,983",2018
"Dark,Adriatic,Blue","31,897",616.0,CT6 Premium Luxury,"$40,750",2018
"Dark,Adriatic,Blue","15,775",1967.4,CT6 Platinum,"$43,399",2018
"Crystal,White,Tricoat","12,250",2154.3,CT6 Luxury,"$43,993",2018
"Radiant,Silver,Metallic","31,024",1099.2,CT6 Luxury,"$32,975",2017
"Crystal,White,Tricoat","16,390",202.4,CT6 Platinum,"$48,899",2017
"Phantom,Gray,Metallic","31,621",1008.3,CT6 Platinum,"$42,982",2017
"Crystal,White,Tricoat","22,153",1429.2,CT6 Premium Luxury,"$45,360",2018
"Stellar,Black,Metallic","26,485",743.6,CT6 Premium Luxury,"$36,757",2017
"Black,Raven","36,967",1508.9,CT6 Premium Luxury,"$40,099",2018
"Stellar,Black,Metallic","56,433",718.2,CT6 Platinum,"$40,750",2017
"Crystal,White,Tricoat","6,176",720.7,CT6 PLUG-IN,"$47,031",2018
"Graphite,Metallic","13,995",1398.6,CT6 Premium Luxury,"$36,557",2016
"Graphite,Metallic","31,018",133.8,CT6 Luxury,"$32,778",2016
"Crystal,White,Tricoat","23,521",945.2,CT6 Luxury,"$29,999",2016
"Red,Horizon,Tintcoat","12,945",13.5,CT6 Premium Luxury,"$44,862",2018
"Radiant,Silver,Metallic","17,947",212.3,CT6 Base,"$33,895",2017
"Black,Raven","11,071",476.8,CT6 Premium Luxury,"$46,996",2018
"Crystal,White,Tricoat","11,526",394.7,CT6 Premium Luxury,"$49,773",2018
"Deep,Amethyst,Metallic","6,303",728.0,CT6 PLUG-IN,"$46,499",2018
"Crystal,White,Tricoat","8,183",60.3,CT6 Sport,"$55,900",2019
"Deep,Amethyst,Metallic","3,569",392.7,CT6 PLUG-IN,"$41,800",2018
"Moonstone,Metallic","14,264",696.0,CT6 PLUG-IN,"$35,998",2017
"Crystal,White,Tricoat","31,989",635.4,CT6 Luxury,"$34,392",2017
"Satin,Steel,Metallic","39,023",135.8,CT6 Premium Luxury,"$37,995",2018
"Black,Raven","45,021",188.5,CT6 Luxury,"$29,300",2016
"Graphite,Metallic","25,175",746.1,CT6 Base,"$32,500",2016
"Crystal,White,Tricoat","15,273",1061.9,CT6 Premium Luxury,"$36,995",2016
"Radiant,Silver,Metallic","24,157",397.3,CT6 Luxury,"$34,950",2017
"Crystal,White,Tricoat","15,453",1073.3,CT6 Premium Luxury,"$39,795",2017
"Crystal,White,Tricoat","53,390",18.9,CT6 Premium Luxury,"$37,595",2018
"Satin,Steel,Metallic","2,088",886.2,CT6 Premium Luxury,"$45,999",2018
