Extcolor,Mileage,Milerange,Model,Price,Year
"United,Gray,Metallic","131,705",848.5,GTI Base,"$4,998",2009
"Deep,Black,Pearl","99,000",71.9,GTI Base,"$7,495",2012
"Carbon,Steel,Gray","23,702",25.8,GTI PZEV,"$12,998",2013
"Deep,Black,Metallic","99,522",1390.9,GTI Base,"$6,498",2010
"United,Gray,Metallic","76,351",43.7,GTI Base,"$8,500",2010
"Candy,White","61,405",74.9,GTI Wolfsburg Edition,"$11,555",2014
"Carbon,Steel,Gray","112,789",78.1,GTI Base,"$6,950",2011
"Deep,Black,Pearl","52,877",2235.4,GTI PZEV,"$12,988",2013
"Candy,White","120,564",65.2,GTI PZEV,"$8,200",2013
"Tornado,Red","105,313",50.6,GTI Autobahn PZEV,"$8,997",2012
"United,Gray,Metallic","91,396",899.3,GTI Base,"$8,995",2013
"Candy,White","95,440",484.9,GTI PZEV,"$9,506",2012
"Deep,Black,Metallic","77,755",2417.7,GTI PZEV,"$8,995",2011
"Carbon,Steel,Gray","49,330",38.7,GTI PZEV,"$11,890",2012
"United,Gray,Metallic","71,765",556.5,GTI Autobahn,"$10,534",2011
"Deep,Black,Metallic","69,507",34.7,GTI Autobahn PZEV,"$10,590",2011
"United,Gray,Metallic","88,777",1084.9,GTI Base,"$4,995",2009
"Candy,White","106,264",2134.1,GTI Driver's Edition PZEV,"$10,977",2013
,Not,2128.4,GTI Base,Not Listed,2012
"United,Gray,Metallic",Not,2432.9,GTI Base,"$15,999",2013
"Candy,White","95,883",2495.5,GTI Base,"$8,999",2010
,"127,494",2511.4,GTI ,"$6,999",2012
"Deep,Black,Metallic","114,764",1411.9,GTI Base,Not Listed,2010
"Deep,Black,Metallic","114,299",1427.2,GTI Autobahn,"$8,975",2011
,"44,456",2403.9,GTI ,Not Listed,2014
"Carbon,Steel,Gray","67,860",1510.4,GTI Base,"$12,894",2012
"Shadow,Blue,Metallic","84,745",1573.7,GTI PZEV,"$8,997",2011
"Deep,Black,Pearl","162,267",1577.5,GTI Base,"$5,990",2012
"Black,Magic","134,689",2118.9,GTI Base,"$6,999",2007
,Not,2396.7,GTI VR6,"$4,995",1997
"Deep,Black,Metallic","79,408",2550.7,GTI PZEV,"$11,590",2011
,"149,441",2394.6,GTI Base,"$6,964",2008
"Deep,Black,Metallic","65,160",2495.2,GTI PZEV,"$10,995",2010
"Candy,White","98,402",2403.9,GTI Wolfsburg Edition,"$12,922",2014
"Deep,Black,Metallic","93,504",2412.7,GTI Base,"$9,995",2010
"Carbon,Steel,Gray","78,432",2426.5,GTI Wolfsburg Edition,"$14,999",2013
,"97,629",2518.3,GTI VR6,"$6,995",2003
"Deep,Black,Pearl","96,270",2435.2,GTI Driver's Edition PZEV,"$13,888",2013
,Not,2435.4,GTI PZEV,Not Listed,2008
"Reflex,Silver,Metallic","130,559",2495.5,GTI 1.8T,"$3,988",2002
"Candy,White","65,769",1429.1,GTI Driver's Edition,"$12,939",2013
"United,Gray,Metallic","137,060",919.5,GTI Base,Not Listed,2009
"Shadow,Blue,Metallic","58,937",1004.1,GTI Base,"$11,595",2013
"Candy,White","69,549",946.5,GTI Autobahn PZEV,"$11,995",2013
,"144,061",1479.4,GTI Base,"$8,900",2011
"United,Gray,Metallic","83,532",1020.6,GTI Base,"$9,475",2010
"Tornado,Red","84,640",1582.1,GTI Autobahn,"$12,399",2012
"United,Gray,Metallic","55,488",1692.5,GTI PZEV,"$14,495",2013
"Reflex,Silver","146,146",1602.8,GTI 1.8T,"$5,501",2005
,"117,253",1634.6,GTI ,"$10,991",2012
"Tornado,Red","101,851",1172.4,GTI 1.8T,Not Listed,2003
"Black,Magic,Metallic","109,223",1764.2,GTI Base,Not Listed,2008
,"108,285",1273.0,GTI Base,"$9,866",2011
,"92,466",1330.1,GTI ,"$11,044",2011
"Carbon,Steel,Gray","107,112",1331.5,GTI Base,"$11,811",2013
,"126,000",2463.3,GTI Base,"$6,995",2007
"Deep,Black,Pearl","99,985",1374.6,GTI PZEV,"$10,995",2013
,"96,427",1899.6,GTI ,"$7,495",2008
"United,Gray,Metallic","110,087",1279.1,GTI Base,Not Listed,2010
"Deep,Black,Metallic","78,049",533.0,GTI PZEV,"$11,495",2011
"Deep,Black,Pearl",Not,2453.7,GTI PZEV,"$12,995",2012
"Candy,White","117,293",584.4,GTI Base,"$9,995",2012
"United,Gray","135,816",1317.3,GTI Base,"$5,391",2007
"Tornado,Red","87,593",650.4,GTI Base,"$7,995",2008
"Carbon,Steel,Gray","88,896",1293.4,GTI PZEV,Not Listed,2012
,"70,298",739.0,GTI PZEV,"$10,997",2011
"Black,Magic","169,685",734.3,GTI Base,"$5,995",2007
,"75,451",739.0,GTI ,"$8,980",2008
,"81,500",2554.1,GTI PZEV,"$9,999",2010
"Reflex,Silver","150,000",1328.5,GTI 1.8T,"$3,491",2003
"Tornado,Red","137,991",803.5,GTI 1.8T,"$3,999",2005
"Tornado,Red","66,651",1972.2,GTI PZEV,"$11,316",2012
"Candy,White","91,073",1372.9,GTI Wolfsburg Edition,"$12,724",2013
Black,Not,861.4,GTI VR6,Not Listed,2004
"United,Gray","145,037",2437.1,GTI Base,"$6,988",2007
"Tornado,Red","58,754",1465.9,GTI Base,"$13,000",2013
"Deep,Black,Pearl","115,000",156.6,GTI Base,"$8,999",2013
"Carbon,Steel,Gray","172,487",159.6,GTI PZEV,"$5,990",2010
"Satin,Silver","198,245",226.7,GTI GLS,Not Listed,2000
,"128,070",240.3,GTI ,"$4,995",2008
"Deep,Black,Pearl",Not,2410.7,GTI PZEV,Not Listed,2013
"United,Gray,Metallic","111,465",1077.3,GTI PZEV,"$5,500",2011
"United,Gray,Metallic","70,775",300.9,GTI Base,"$9,500",2010
,"110,145",297.9,GTI Base,"$8,975",2010
"Candy,White","98,273",303.8,GTI Base,"$7,444",2009
"Candy,White","60,898",426.6,GTI PZEV,Not Listed,2011
"Candy,White","65,210",418.6,GTI Wolfsburg Edition,"$15,988",2014
,"86,969",409.5,GTI ,Not Listed,2007
"United,Gray,Metallic","139,320",418.6,GTI Base,Not Listed,2011
"Tornado,Red","94,000",421.0,GTI Base,"$8,950",2010
"United,Gray,Metallic","110,629",429.7,GTI Base,"$8,450",2010
"United,Gray,Metallic","94,610",1951.9,GTI PZEV,"$10,350",2011
"Carbon,Steel,Gray","102,582",484.3,GTI PZEV,"$8,980",2012
"United,Gray,Metallic","63,378",546.1,GTI Base,"$10,990",2011
"Deep,Black,Metallic","81,891",869.0,GTI Base,"$10,989",2011
,Not,870.7,GTI Base,"$6,995",2008
"Deep,Black,Metallic","62,928",917.1,GTI Base,"$10,500",2011
"Silverstone,Gray","119,697",2424.5,GTI 1.8T,"$3,300",2005
"Carbon,Steel,Gray","48,978",1951.9,GTI Base,"$12,750",2012
"Deep,Black,Metallic","84,155",1402.0,GTI Base,"$8,999",2011
"United,Gray,Metallic","97,384",946.5,GTI Base,"$10,595",2013
"Deep,Black,Pearl","63,357",83.6,GTI PZEV,"$13,990",2012
"Carbon,Steel,Gray","76,055",35.5,GTI Base,"$11,750",2012
"United,Gray,Metallic","131,698",13.4,GTI Base,Not Listed,2010
"Silverstone,Gray","152,153",15.2,GTI 1.8T,"$1,995",2005
"Shadow,Blue,Metallic","101,629",36.4,GTI PZEV,"$10,937",2011
,"109,210",74.2,GTI ,"$6,900",2008
"Candy,White","107,940",85.7,GTI PZEV,"$6,295",2009
"Carbon,Steel,Gray","97,443",88.5,GTI PZEV,"$10,990",2012
Black,"112,368",102.4,GTI VR6,"$3,995",2002
"United,Gray,Metallic","96,869",106.2,GTI PZEV,"$9,981",2011
"United,Gray","72,014",150.5,GTI Base,"$9,500",2007
"Deep,Black,Pearl","90,327",1969.2,GTI PZEV,"$9,987",2012
,"146,848",461.1,GTI Base,"$6,499",2010
"Deep,Black,Pearl","121,986",657.7,GTI Driver's Edition PZEV,"$12,900",2013
"Tornado,Red","98,753",482.7,GTI PZEV,"$13,995",2010
"Black,Magic,Metallic","155,766",594.1,GTI Base,Not Listed,2008
"Deep,Black,Pearl","41,277",1177.6,GTI Driver's Edition,Not Listed,2014
"Black,Magic","152,251",625.8,GTI Base,Not Listed,2007
,"99,612",638.2,GTI Wolfsburg Edition PZEV,"$11,900",2013
"Deep,Black,Pearl","99,479",656.4,GTI Base,"$10,958",2012
"Deep,Black,Pearl","54,441",2499.8,GTI PZEV,"$13,477",2012
"Candy,White","107,442",722.4,GTI Base,"$10,900",2012
"Deep,Black,Metallic","129,388",734.8,GTI Base,"$7,599",2010
"Candy,White","112,296",739.4,GTI Base,"$6,800",2008
"United,Gray,Metallic","51,515",7.1,GTI Autobahn,"$10,995",2011
"Carbon,Steel,Gray","114,211",771.5,GTI Base,"$9,995",2011
"Carbon,Steel,Gray","88,997",2152.8,GTI PZEV,"$10,800",2013
"Deep,Black,Metallic",Not,1211.7,GTI Base,"$8,000",2010
"United,Gray,Metallic","117,757",848.5,GTI PZEV,"$8,592",2010
,"89,768",99.3,GTI Base,Not Listed,2012
"Deep,Black,Pearl","57,550",418.6,GTI Autobahn PZEV,Not Listed,2012
"Black,Magic,Metallic","122,108",153.9,GTI Base,"$8,995",2008
"Candy,White","87,401",182.0,GTI PZEV,"$9,999",2010
"Deep,Black,Metallic","55,545",515.6,GTI Base,"$11,488",2010
"Carbon,Steel,Gray","75,986",2418.7,GTI Base,"$9,777",2010
,Not,204.6,GTI PZEV,Not Listed,2012
"Deep,Black,Metallic","114,242",496.3,GTI Base,"$9,267",2010
"Tornado,Red","51,437",724.5,GTI Base,"$14,577",2013
"Deep,Black,Pearl","129,990",507.6,GTI PZEV,"$8,299",2012
"Deep,Black,Pearl","79,000",273.2,GTI PZEV,Not Listed,2013
"United,Gray,Metallic","161,978",284.5,GTI Base,Not Listed,2008
"Tornado,Red","114,000",1498.3,GTI Base,"$6,200",2008
"Deep,Black,Pearl","60,645",498.9,GTI PZEV,"$13,000",2012
"Carbon,Steel,Gray","42,280",946.5,GTI PZEV,"$14,977",2012
"Candy,White","98,721",403.5,GTI Wolfsburg Edition,Not Listed,2014
"Carbon,Steel,Gray","46,875",258.5,GTI PZEV,Not Listed,2011
"Carbon,Steel,Gray","107,000",421.0,GTI PZEV,"$9,950",2012
"Carbon,Steel,Gray","50,878",388.1,GTI Wolfsburg Edition PZEV,"$15,790",2013
"Candy,White","44,605",1021.2,GTI Autobahn,"$14,950",2013
"Deep,Black,Pearl",Not,47.7,GTI PZEV,"$11,253",2013
"Shadow,Blue,Metallic","109,616",67.4,GTI Autobahn,"$9,871",2011
"Tornado,Red",Not,116.1,GTI PZEV,Not Listed,2012
"Candy,White","56,254",186.9,GTI Wolfsburg Edition,"$14,991",2014
,"97,081",174.9,GTI ,Not Listed,2008
"Tornado,Red","102,592",211.4,GTI Base,"$6,188",2007
"United,Gray,Metallic","73,081",242.4,GTI PZEV,"$12,999",2011
"Black,Magic","135,522",755.7,GTI Base,"$5,691",2007
"Carbon,Steel,Gray","76,937",328.3,GTI Autobahn,"$11,851",2011
"Deep,Black,Metallic","83,992",1750.8,GTI Base,Not Listed,2011
"Candy,White","107,005",638.1,GTI PZEV,"$9,900",2011
"Deep,Black,Pearl","128,963",638.1,GTI PZEV,"$10,127",2012
"Deep,Black,Metallic","78,999",27.4,GTI PZEV,"$9,991",2011
"Black,Magic,Metallic",Not,19.2,GTI Base,Not Listed,2009
"Candy,White","66,013",480.8,GTI Base,"$9,995",2011
"Tornado,Red","81,170",1015.2,GTI Base,"$10,995",2012
"Candy,White","43,165",186.9,GTI Wolfsburg Edition,Not Listed,2014
"Black,Magic","164,613",3120.0,GTI 20th Anniversary Edition,"$6,991",2003
"Candy,White","97,290",1331.9,GTI Base,"$11,581",2010
"Candy,White","69,305",50.6,GTI PZEV,"$9,991",2009
"Candy,White","70,451",1622.9,GTI PZEV,"$12,500",2011
"Black,Magic,Metallic","127,149",2.7,GTI Base,Not Listed,2008
"Candy,White","112,919",1622.1,GTI Base,"$9,500",2011
"United,Gray,Metallic","60,780",2403.8,GTI PZEV,"$14,299",2013
"Black,Magic,Metallic","78,962",1521.2,GTI PZEV,"$8,500",2009
"Candy,White","60,264",638.1,GTI Wolfsburg Edition PZEV,"$14,495",2013
"Candy,White","62,799",1316.7,GTI Autobahn,"$10,995",2012
"Candy,White","48,959",384.4,GTI Wolfsburg Edition,"$14,175",2014
,"106,613",1575.7,GTI PZEV,"$7,991",2010
,"119,138",2511.4,GTI Fahrenheit,"$4,990",2007
"Tornado,Red","134,102",485.4,GTI Base,"$7,981",2012
"United,Gray,Metallic","56,064",1019.0,GTI PZEV,"$15,499",2013
"Deep,Black,Pearl","103,846",289.4,GTI Base,"$9,444",2012
"Candy,White","81,982",2418.3,GTI Wolfsburg Edition,"$12,999",2014
"Silverstone,Grey","50,096",959.8,GTI 1.8T,Not Listed,2003
,"65,818",737.6,GTI ,"$14,900",2013
"Candy,White","89,597",1097.6,GTI Base,"$10,000",2012
,"42,264",1521.2,GTI GLS 1.8T,Not Listed,2001
"Candy,White","68,584",1025.2,GTI Base,"$12,921",2011
Black,"153,780",1619.3,GTI 1.8T,Not Listed,2005
"Deep,Black,Metallic","110,829",2404.0,GTI Autobahn,"$12,985",2011
"United,Gray,Metallic","68,736",1001.0,GTI Base,"$11,411",2011
"United,Gray,Metallic","115,850",863.0,GTI Base,Not Listed,2010
"Carbon,Steel,Gray","56,563",455.4,GTI Base,"$11,999",2011
"Candy,White","30,874",2432.9,GTI PZEV,"$15,500",2013
"Deep,Black,Pearl","68,531",1001.1,GTI PZEV,Not Listed,2012
"Deep,Black,Pearl","117,670",153.7,GTI PZEV,"$10,000",2013
,"69,058",669.9,GTI Autobahn,"$14,427",2013
"Candy,White","107,000",1103.1,GTI Base,Not Listed,2011
"Deep,Black,Pearl","109,224",153.9,GTI PZEV,"$9,988",2012
"Candy,White","58,963",90.2,GTI PZEV,"$13,995",2012
"Reflex,Silver",Not,434.8,GTI Base,Not Listed,2007
,"113,891",771.6,GTI ,"$9,926",2011
"Tornado,Red","87,182",733.0,GTI PZEV,"$12,991",2013
"Deep,Black,Metallic","77,910",940.5,GTI Base,"$12,999",2011
"United,Gray,Metallic","113,080",845.7,GTI Autobahn,"$9,977",2012
"Carbon,Steel,Gray","54,912",2458.1,GTI Autobahn PZEV,"$15,998",2012
"Deep,Black,Pearl","108,025",1086.3,GTI Wolfsburg Edition PZEV,Not Listed,2013
"Candy,White","95,029",1970.4,GTI Base,"$8,989",2010
"Candy,White","122,645",1012.0,GTI Base,"$2,995",2006
,"83,664",2424.9,GTI PZEV,"$12,500",2013
"Deep,Black,Pearl","79,367",936.2,GTI Base,"$10,277",2012
"Shadow,Blue,Metallic","88,310",2454.2,GTI Autobahn,"$14,500",2013
"Black,Magic,Metallic","92,000",2431.7,GTI PZEV,"$8,500",2009
"United,Gray,Metallic","55,692",1078.7,GTI Base,"$9,999",2010
"Deep,Black,Pearl","95,249",2455.0,GTI PZEV,"$10,991",2012
,"243,655",80.9,GTI GLS 1.8T,Not Listed,2001
"Shadow,Blue,Metallic","87,800",533.1,GTI Base,"$9,990",2012
"United,Gray,Metallic","81,453",2542.8,GTI Autobahn,"$11,998",2011
"Deep,Black,Pearl","97,501",2543.0,GTI PZEV,"$109,000",2012
"Deep,Black,Metallic","63,307",2437.5,GTI PZEV,"$12,000",2011
,"84,274",2433.6,GTI Base,"$8,494",2008
,"171,051",2458.5,GTI ,"$4,499",2008
"Deep,Black,Metallic","64,262",27.4,GTI Autobahn PZEV,Not Listed,2011
"Candy,White","123,475",121.9,GTI Wolfsburg Edition,"$9,724",2013
"Deep,Black,Metallic","126,747",291.1,GTI PZEV,"$8,495",2011
,"87,087",76.3,GTI Base,"$10,000",2011
"Deep,Black,Pearl","101,111",2472.5,GTI Driver's Edition PZEV,"$13,995",2013
"Tornado,Red","100,621",2517.1,GTI Autobahn PZEV,Not Listed,2012
"Tornado,Red","69,048",384.2,GTI PZEV,"$12,225",2013
"Deep,Black,Pearl","82,891",69.1,GTI PZEV,Not Listed,2012
"Carbon,Steel,Gray","110,850",69.1,GTI PZEV,Not Listed,2012
"Candy,White","91,828",2567.3,GTI PZEV,"$10,995",2011
"Deep,Black,Pearl","93,565",233.8,GTI Wolfsburg Edition,"$11,695",2013
"Black,Magic","102,272",2118.9,GTI Base,"$7,499",2007
"Deep,Black,Pearl","140,092",566.5,GTI PZEV,Not Listed,2012
"Deep,Black,Metallic","110,476",733.0,GTI Base,Not Listed,2011
"Reflex,Silver","115,113",4906.9,GTI 1.8T,$995,2003
"Deep,Black,Pearl","38,149",914.4,GTI Wolfsburg Edition,"$16,442",2014
"Carbon,Steel,Gray","85,709",353.7,GTI PZEV,Not Listed,2011
"Deep,Black,Pearl","78,059",2425.3,GTI Wolfsburg Edition PZEV,"$13,998",2013
"United,Gray,Metallic","143,373",2425.5,GTI PZEV,"$6,999",2009
"Carbon,Steel,Gray","109,442",2438.7,GTI PZEV,"$10,888",2012
"Carbon,Steel,Gray","90,122",2163.2,GTI Autobahn PZEV,Not Listed,2011
"Black,Magic","157,082",10.3,GTI Base,Not Listed,2006
"Carbon,Steel,Gray","30,479",278.1,GTI Wolfsburg Edition,"$15,000",2013
"Carbon,Steel,Gray","47,745",83.5,GTI PZEV,"$14,991",2013
"Black,Magic,Metallic","122,585",2400.8,GTI PZEV,"$7,750",2009
"Candy,White","136,664",703.3,GTI Base,Not Listed,2009
"Tornado,Red","57,213",1227.9,GTI Base,"$11,999",2011
"United,Gray,Metallic","181,646",81.0,GTI PZEV,"$4,442",2010
,"58,674",2445.2,GTI ,"$11,199",2012
"Shadow,Blue,Metallic","92,914",940.5,GTI Base,"$12,999",2012
"Black,Magic,Metallic","142,388",940.5,GTI Base,"$8,999",2009
,"51,367",1518.3,GTI ,"$12,900",2013
"Candy,White","96,291",520.0,GTI PZEV,"$10,354",2013
"Candy,White","88,137",294.8,GTI PZEV,"$11,495",2012
"Candy,White","54,562",1363.6,GTI Base,"$12,999",2013
"United,Gray","112,472",2425.5,GTI Base,"$7,999",2007
"Deep,Black,Metallic","136,557",2458.5,GTI PZEV,"$7,999",2011
"Carbon,Steel,Gray","86,171",1007.0,GTI PZEV,"$11,675",2012
"Deep,Black,Pearl","86,838",640.1,GTI Driver's Edition PZEV,"$15,990",2013
"Deep,Black,Metallic","107,004",1583.0,GTI Base,"$9,995",2011
,"128,455",336.7,GTI ,"$5,500",2008
"Tornado,Red","99,851",1760.9,GTI Base,"$6,977",2008
,"98,435",1691.5,GTI Base,"$10,405",2012
,"108,027",1402.1,GTI Base,Not Listed,2009
"Deep,Black,Metallic","106,604",144.6,GTI PZEV,"$9,377",2011
"Tornado,Red","102,723",1414.1,GTI Autobahn PZEV,"$11,988",2012
"Magma,Orange","184,835",2403.6,GTI Fahrenheit,"$4,495",2007
"Carbon,Steel,Gray","58,537",2396.8,GTI Wolfsburg Edition,"$14,991",2014
"Deep,Black,Metallic","81,238",2495.5,GTI PZEV,"$9,899",2010
"Carbon,Steel,Gray","79,569",199.1,GTI Wolfsburg Edition,Not Listed,2014
"Candy,White","77,843",1199.5,GTI PZEV,"$12,000",2012
,"135,870",2118.9,GTI ,"$6,599",2007
"Tornado,Red","105,200",634.2,GTI Base,"$9,900",2011
"Deep,Black,Pearl","123,526",2549.2,GTI PZEV,"$8,999",2012
,"954,152",2456.1,GTI ,Not Listed,2008
"Carbon,Steel,Gray","128,180",2571.4,GTI PZEV,"$7,800",2010
"Candy,White","75,033",590.0,GTI Base,"$7,990",2009
,"55,565",2449.2,GTI PZEV,"$13,999",2013
"United,Gray,Metallic",Not,1080.5,GTI Base,"$6,499",2010
"Carbon,Steel,Gray","59,376",735.2,GTI Autobahn PZEV,"$15,279",2013
"Tornado,Red","88,447",864.5,GTI PZEV,"$11,991",2013
"United,Gray,Metallic","112,199",1501.8,GTI Autobahn,"$9,300",2011
"Candy,White","93,172",2428.2,GTI Autobahn PZEV,Not Listed,2013
"Deep,Black,Pearl","68,235",1432.5,GTI Driver's Edition PZEV,"$12,991",2013
"Candy,White","51,373",2445.7,GTI PZEV,Not Listed,2013
"Carbon,Steel,Gray","109,181",70.5,GTI Autobahn PZEV,"$8,950",2011
"Reflex,Silver,Metallic","114,235",2549.9,GTI Base,Not Listed,2008
"Carbon,Steel,Gray","138,781",1077.2,GTI Base,"$9,991",2012
"Tornado,Red","109,706",64.3,GTI Base,"$7,995",2011
"Tornado,Red","109,980",1582.0,GTI Base,"$10,888",2012
"Shadow,Blue,Metallic","33,430",2445.2,GTI PZEV,"$15,699",2013
"Shadow,Blue,Metallic","80,805",1154.1,GTI Base,"$12,800",2013
"Shadow,Blue,Metallic","51,551",2410.1,GTI Base,"$11,995",2012
"Deep,Black,Pearl","72,714",1968.7,GTI PZEV,"$12,900",2013
"Deep,Black,Pearl","71,189",505.5,GTI Base,"$12,721",2012
"Deep,Black,Pearl","56,491",751.8,GTI Wolfsburg Edition,Not Listed,2014
"Tornado,Red","87,039",639.7,GTI Base,Not Listed,2012
"Black,Magic,Metallic","80,497",1664.4,GTI PZEV,"$8,475",2009
"Candy,White","123,754",2405.2,GTI Base,"$8,761",2008
"Candy,White","63,591",2444.9,GTI PZEV,"$13,499",2013
"Reflex,Silver","212,125",16.2,GTI Base,"$4,500",2006
"Flash,Red","142,165",66.9,GTI GLS 1.8T,"$2,495",2001
"Carbon,Steel,Gray","95,742",2439.8,GTI PZEV,"$10,985",2012
"Deep,Black,Metallic","99,644",2440.6,GTI PZEV,"$8,800",2011
"United,Gray,Metallic","66,286",2472.0,GTI PZEV,"$11,800",2011
,"85,956",2394.4,GTI ,"$9,995",2008
"United,Gray,Metallic","99,337",2495.2,GTI PZEV,"$11,999",2012
"Candy,White","68,657",919.9,GTI Base,"$9,999",2008
"United,Gray,Metallic","104,582",1635.9,GTI Base,"$8,995",2011
"Carbon,Steel,Gray","100,669",1020.6,GTI Base,"$9,875",2010
"Tornado,Red","83,362",2551.0,GTI PZEV,"$11,991",2012
,"44,568",2119.5,GTI PZEV,Not Listed,2012
"Shadow,Blue,Metallic","63,459",126.9,GTI PZEV,"$11,995",2012
"Candy,White","120,254",1508.7,GTI Base,"$5,999",2008
"Deep,Black,Metallic","102,415",54.5,GTI Base,"$9,991",2011
"Silverstone,Gray","173,909",57.1,GTI 1.8T,"$2,999",2004
,"105,725",104.7,GTI Autobahn,"$8,995",2011
"Candy,White","132,956",1965.2,GTI PZEV,"$9,988",2011
"Deep,Black,Pearl","102,676",533.7,GTI Autobahn PZEV,"$10,282",2012
"Candy,White","74,653",522.3,GTI Wolfsburg Edition,"$13,899",2014
"Black,Magic,Metallic","126,689",938.5,GTI Base,"$8,555",2009
"Candy,White","137,469",1901.3,GTI PZEV,"$6,350",2009
"United,Gray,Metallic","53,216",2265.2,GTI PZEV,"$16,995",2013
"Shadow,Blue,Metallic","58,702",87.0,GTI PZEV,"$9,495",2011
"Deep,Black,Pearl","120,159",733.7,GTI Wolfsburg Edition PZEV,"$12,991",2013
"United,Gray,Metallic","97,107",1427.0,GTI Autobahn,"$10,900",2013
,"115,149",211.8,GTI Base,"$8,991",2011
"Tornado,Red",Not,1452.7,GTI Base,Not Listed,2012
"Carbon,Steel,Gray","64,257",72.1,GTI Autobahn PZEV,"$13,001",2012
"Candy,White","139,000",508.6,GTI Base,"$4,999",2006
"Tornado,Red","79,057",1587.3,GTI Base,"$8,495",2009
"United,Gray,Metallic","53,930",233.0,GTI PZEV,Not Listed,2013
"United,Gray,Metallic","99,213",642.5,GTI Autobahn,"$10,995",2011
"Deep,Black,Pearl","74,000",942.4,GTI PZEV,"$14,600",2012
"Carbon,Steel,Gray","73,622",463.5,GTI PZEV,"$16,995",2013
"Tornado,Red","95,513",829.5,GTI Base,"$4,784",2006
,"76,966",880.1,GTI ,"$14,058",2013
,"77,280",1583.5,GTI Driver's Edition,"$13,920",2013
"Deep,Black,Metallic","70,549",2551.9,GTI PZEV,"$11,691",2010
"Candy,White","90,000",1508.3,GTI Base,"$11,999",2012
"Carbon,Steel,Gray","96,414",1429.5,GTI PZEV,"$8,491",2012
"Deep,Black,Metallic","83,468",1098.0,GTI Base,"$13,200",2011
"United,Gray,Metallic","87,012",1624.9,GTI Base,"$10,499",2011
"United,Gray,Metallic","171,606",671.3,GTI Base,Not Listed,2008
"Black,Magic,Metallic","90,819",1031.0,GTI Base,"$7,988",2009
"Candy,White","96,010",772.3,GTI Base,Not Listed,2011
"United,Gray,Metallic","39,738",279.9,GTI PZEV,"$13,546",2011
"Deep,Black,Metallic","100,650",732.1,GTI Base,"$8,990",2010
"Candy,White","94,050",732.0,GTI Wolfsburg Edition,"$11,991",2014
"Deep,Black,Pearl","59,268",1618.2,GTI Wolfsburg Edition,"$14,486",2014
"Deep,Black,Pearl","124,108",1972.3,GTI Base,Not Listed,2012
"Carbon,Steel,Gray","94,316",638.0,GTI Autobahn PZEV,"$12,995",2012
"Candy,White","55,505",1020.6,GTI Autobahn,"$14,875",2012
"Deep,Black,Pearl","97,140",884.6,GTI Autobahn PZEV,"$13,950",2013
"United,Gray,Metallic","65,420",1407.0,GTI Base,"$7,968",2009
"Tornado,Red","85,903",2452.1,GTI Base,"$12,999",2013
"United,Gray,Metallic","72,817",1620.6,GTI Autobahn,"$11,990",2011
"Candy,White","71,953",1369.4,GTI Base,"$11,995",2013
"United,Gray,Metallic","78,041",1369.4,GTI Base,"$13,995",2013
"United,Gray,Metallic","117,377",1369.4,GTI Base,"$6,995",2009
"Candy,White","107,251",1010.5,GTI Base,"$7,391",2012
"Deep,Black,Metallic","92,616",730.8,GTI Base,"$10,995",2011
"United,Gray,Metallic","86,541",732.1,GTI Base,"$7,790",2008
"United,Gray,Metallic","105,145",732.1,GTI Base,"$5,490",2008
"Deep,Black,Pearl","69,641",421.9,GTI Driver's Edition PZEV,"$15,995",2013
"Candy,White","92,328",745.1,GTI PZEV,"$9,990",2012
"Candy,White","75,094",746.7,GTI PZEV,"$12,300",2012
,"101,021",13.4,GTI Fahrenheit,"$6,999",2007
"Deep,Black,Pearl","86,506",79.0,GTI PZEV,"$10,995",2012
,"39,721",1965.2,GTI PZEV,Not Listed,2013
"Deep,Black,Pearl","62,635",881.3,GTI Driver's Edition,"$14,850",2014
"Carbon,Steel,Gray","106,114",205.8,GTI Base,"$10,000",2011
,"85,999",1077.1,GTI Base,"$11,933",2012
"Candy,White","87,939",2.7,GTI Autobahn,Not Listed,2011
"Reflex,Silver","105,469",636.2,GTI Base,"$4,799",2006
"Carbon,Steel,Gray","96,602",947.4,GTI Driver's Edition,"$13,490",2013
"Candy,White","74,671",466.3,GTI Base,"$8,820",2009
"Deep,Black,Pearl","53,489",1152.1,GTI Base,"$14,999",2013
"Candy,White","132,936",456.4,GTI Base,Not Listed,2006
"Candy,White","107,118",938.5,GTI Wolfsburg Edition,"$11,995",2013
"Deep,Black,Pearl","62,694",510.6,GTI PZEV,Not Listed,2013
"Candy,White","121,374",295.6,GTI Base,"$5,995",2007
"United,Gray,Metallic","93,057",43.7,GTI PZEV,"$8,100",2010
"Black,Magic","126,172",429.8,GTI Base,"$5,900",2007
"Candy,White","79,802",507.6,GTI PZEV,"$11,793",2013
"Deep,Black,Pearl","79,478",415.6,GTI Autobahn PZEV,"$12,197",2013
"Candy,White","110,341",547.3,GTI Autobahn,"$9,850",2013
"Deep,Black,Pearl","65,661",27.3,GTI PZEV,Not Listed,2012
"Deep,Black,Pearl","57,155",2428.0,GTI PZEV,"$13,900",2012
"United,Gray,Metallic","90,111",132.5,GTI PZEV,"$12,900",2013
"Candy,White","103,844",632.6,GTI Base,"$8,795",2011
"Candy,White","127,000",642.3,GTI Base,"$5,500",2007
,"48,558",1437.8,GTI Base,"$12,995",2011
"Candy,White","86,580",2557.4,GTI PZEV,"$11,891",2012
"Tornado,Red","93,673",675.4,GTI Base,"$9,995",2010
"Candy,White","172,032",302.4,GTI PZEV,"$4,900",2008
"Deep,Black,Pearl","94,556",2517.1,GTI Base,"$13,995",2013
"Reflex,Silver","156,692",59.6,GTI 1.8T,"$3,995",2005
"Deep,Black,Pearl","87,129",56.3,GTI PZEV,"$10,790",2012
"United,Gray","101,640",56.3,GTI Base,Not Listed,2007
"Candy,White","77,696",85.7,GTI Driver's Edition PZEV,"$13,500",2013
"Carbon,Steel,Gray","72,051",124.0,GTI Driver's Edition PZEV,"$12,588",2013
"Tornado,Red","130,299",103.0,GTI PZEV,"$9,499",2011
"Deep,Black,Pearl","71,645",156.6,GTI PZEV,"$13,991",2013
"Candy,White","42,214",1081.8,GTI Base,"$14,998",2013
"Deep,Black,Pearl","79,850",171.4,GTI Driver's Edition PZEV,"$13,434",2013
"Candy,White","137,882",191.3,GTI Base,"$5,575",2006
"Candy,White","54,392",52.1,GTI Driver's Edition,"$16,390",2014
"Deep,Black,Metallic","85,076",200.6,GTI PZEV,"$9,950",2010
"Deep,Black,Pearl","152,310",206.0,GTI Autobahn PZEV,"$9,495",2012
"Shadow,Blue,Metallic","144,149",210.5,GTI Base,"$8,995",2012
"Tornado,Red","125,991",2393.6,GTI Base,"$6,990",2006
"United,Gray,Metallic","100,144",303.8,GTI PZEV,"$12,555",2010
"Carbon,Steel,Gray","120,867",303.8,GTI Autobahn PZEV,"$10,555",2012
"Carbon,Steel,Gray","75,356",318.2,GTI PZEV,"$11,315",2012
"Candy,White","58,004",2489.8,GTI PZEV,"$15,998",2013
"Carbon,Steel,Gray","73,020",730.9,GTI Base,Not Listed,2013
"Deep,Black,Metallic","77,485",572.8,GTI PZEV,"$10,000",2011
"Candy,White","54,547",722.4,GTI Wolfsburg Edition,"$13,800",2013
"Deep,Black,Metallic","110,641",475.6,GTI PZEV,"$8,924",2011
"Candy,White","114,788",2400.4,GTI PZEV,"$9,995",2011
"Candy,White","107,738",2440.5,GTI PZEV,"$13,369",2013
"Candy,White","39,817",1425.1,GTI Autobahn,"$14,981",2013
"Candy,White","39,079",2535.4,GTI Wolfsburg Edition,"$15,763",2014
Black,"175,197",485.2,GTI 1.8T,"$2,916",2003
"Candy,White","72,901",2433.1,GTI PZEV,"$15,688",2013
"United,Gray,Metallic","67,445",2550.7,GTI PZEV,"$14,998",2013
"Candy,White","45,474",1052.2,GTI Base,"$13,988",2012
,"102,000",716.6,GTI Base,"$8,696",2011
"United,Gray,Metallic","61,596",92.6,GTI PZEV,"$9,995",2011
"Candy,White","50,000",735.3,GTI PZEV,"$13,998",2011
"Carbon,Steel,Gray","65,853",114.7,GTI Autobahn PZEV,"$14,995",2012
"Deep,Black,Metallic","124,941",30.9,GTI Autobahn,"$7,995",2011
"Candy,White","38,216",728.5,GTI Wolfsburg Edition,"$17,967",2013
"Deep,Black,Pearl","38,684",502.3,GTI Wolfsburg Edition,"$14,990",2013
"Candy,White","117,818",2424.2,GTI PZEV,"$9,900",2011
"United,Gray,Metallic","112,537",12.1,GTI PZEV,"$7,495",2011
"Tornado,Red","90,343",83.5,GTI PZEV,Not Listed,2008
"Candy,White","79,905",1074.5,GTI Base,"$11,999",2013
"Candy,White","175,025",2397.3,GTI Base,"$5,988",2006
"Deep,Black,Pearl","44,373",67.4,GTI Wolfsburg Edition,"$15,495",2013
"Deep,Black,Metallic","92,219",510.6,GTI Base,Not Listed,2010
"Deep,Black,Pearl","61,511",1581.6,GTI Base,"$10,999",2013
"Carbon,Steel,Gray","111,811",392.9,GTI Base,Not Listed,2011
"United,Gray,Metallic","86,846",2407.2,GTI PZEV,"$15,998",2013
"United,Gray,Metallic","82,484",65.0,GTI PZEV,"$12,999",2013
"United,Gray,Metallic","127,610",200.7,GTI PZEV,"$5,999",2009
"Deep,Black,Pearl","53,023",1710.0,GTI Base,"$15,998",2013
"Deep,Black,Pearl","45,035",206.0,GTI Wolfsburg Edition,"$17,995",2014
,"44,931",471.3,GTI PZEV,"$14,997",2013
"United,Gray,Metallic","147,022",481.6,GTI PZEV,"$5,877",2009
"Carbon,Steel,Gray","65,772",998.9,GTI Driver's Edition,"$14,998",2013
"Shadow,Blue,Metallic","85,856",2564.1,GTI Base,"$10,999",2012
"Carbon,Steel,Gray","54,232",2547.6,GTI Autobahn PZEV,"$11,950",2011
"Candy,White","43,176",2431.9,GTI Driver's Edition,"$18,998",2014
"Deep,Black,Pearl","31,868",8.0,GTI Wolfsburg Edition,"$16,999",2014
"Carbon,Steel,Gray","108,800",2225.8,GTI PZEV,"$9,488",2012
"Deep,Black,Metallic","75,962",1065.3,GTI Base,"$9,991",2010
"Candy,White","67,084",1437.1,GTI Wolfsburg Edition,"$14,599",2013
"Deep,Black,Pearl","98,132",1047.9,GTI Base,"$11,500",2012
"Deep,Black,Pearl","56,144",1134.6,GTI Wolfsburg Edition,"$14,337",2013
"Candy,White","84,365",940.5,GTI Base,"$10,350",2012
"United,Gray,Metallic","78,478",2435.3,GTI PZEV,"$12,900",2012
"Deep,Black,Metallic","67,334",1639.2,GTI Autobahn PZEV,"$14,998",2011
"Black,Magic,Metallic","83,823",2131.6,GTI Base,"$6,991",2008
"Deep,Black,Pearl","97,283",255.2,GTI Driver's Edition PZEV,"$12,245",2013
,"140,016",735.1,GTI ,"$5,919",2008
"Deep,Black,Pearl","77,114",1080.5,GTI Base,"$9,499",2012
"United,Gray,Metallic","61,567",1080.5,GTI Base,"$8,699",2011
"Carbon,Steel,Gray","93,889",1635.7,GTI Autobahn,"$11,913",2012
"Candy,White","132,408",1258.1,GTI PZEV,"$12,591",2009
"Carbon,Steel,Gray","76,179",2132.8,GTI Driver's Edition PZEV,"$14,699",2013
"Deep,Black,Metallic","90,073",2134.1,GTI Base,"$10,777",2010
"Carbon,Steel,Gray","68,894",734.5,GTI Base,"$12,990",2012
,"88,110",188.5,GTI PZEV,"$14,998",2013
"Deep,Black,Metallic","82,160",203.7,GTI PZEV,"$12,598",2010
"United,Gray,Metallic","49,680",2494.1,GTI PZEV,"$12,999",2013
"Candy,White","55,844",2398.9,GTI Autobahn PZEV,"$16,995",2012
"Deep,Black,Pearl","58,849",2395.9,GTI PZEV,"$14,000",2012
"Deep,Black,Metallic","74,613",1027.6,GTI Autobahn,"$12,998",2011
"Deep,Black,Pearl","52,469",133.5,GTI PZEV,"$12,798",2013
"Deep,Black,Metallic","66,272",2401.0,GTI PZEV,Not Listed,2010
"United,Gray,Metallic","59,442",1109.6,GTI Base,"$12,988",2012
"Candy,White","88,322",247.7,GTI PZEV,"$12,998",2013
"Candy,White","77,169",520.5,GTI Base,"$11,720",2012
"Candy,White","90,655",1015.2,GTI PZEV,"$10,998",2012
"United,Gray,Metallic","111,093",238.4,GTI PZEV,"$8,895",2010
"Candy,White","35,277",1317.3,GTI PZEV,"$14,000",2012
"Carbon,Steel,Gray","64,697",1371.4,GTI PZEV,"$15,000",2012
"Candy,White","42,142",770.9,GTI Wolfsburg Edition,"$16,998",2014
"Deep,Black,Pearl","57,864",2447.5,GTI Driver's Edition PZEV,"$13,690",2013
"Deep,Black,Metallic","50,500",118.4,GTI Base,"$15,998",2010
"Carbon,Steel,Gray","81,303",132.9,GTI Autobahn PZEV,"$13,998",2011
"Candy,White","64,046",2447.5,GTI Base,"$11,990",2011
"Deep,Black,Pearl","78,205",2447.5,GTI Autobahn PZEV,"$11,290",2012
"Carbon,Steel,Gray","95,555",153.0,GTI PZEV,"$11,995",2013
"Tornado,Red","118,679",731.8,GTI Base,"$6,990",2008
"Candy,White","54,584",2066.7,GTI Wolfsburg Edition,"$13,990",2014
"United,Gray,Metallic","54,177",198.7,GTI Base,"$14,998",2013
"United,Gray,Metallic","107,558",632.8,GTI PZEV,"$5,984",2008
"Carbon,Steel,Gray","61,804",561.8,GTI Wolfsburg Edition,"$13,850",2014
"Deep,Black,Metallic","43,803",1429.1,GTI PZEV,"$15,998",2010
"Carbon,Steel,Gray","80,678",205.2,GTI PZEV,"$11,695",2012
"Tornado,Red","98,819",303.5,GTI PZEV,"$9,995",2012
"United,Gray,Metallic","137,544",730.0,GTI Base,"$5,991",2008
"Deep,Black,Pearl","41,371",1328.5,GTI Wolfsburg Edition,"$15,291",2013
"United,Gray,Metallic","64,624",165.3,GTI PZEV,"$16,700",2013
,"113,333",188.2,GTI Base,"$7,500",2008
"Deep,Black,Pearl","92,225",480.8,GTI Driver's Edition,"$11,995",2013
"Satin,Silver","146,755",327.2,GTI GLX VR6,"$7,900",2000
"Candy,White","123,539",633.6,GTI PZEV,"$8,990",2012
"Carbon,Steel,Gray","53,033",170.6,GTI Wolfsburg Edition,"$16,498",2014
"Deep,Black,Pearl","115,751",189.7,GTI PZEV,"$11,949",2013
"Candy,White","52,305",954.2,GTI PZEV,"$14,288",2013
"Candy,White","83,871",2438.1,GTI PZEV,"$12,995",2012
"Candy,White","68,068",68.6,GTI Driver's Edition PZEV,"$13,942",2013
"Deep,Black,Metallic","138,959",734.2,GTI Base,"$9,990",2011
"Candy,White","97,537",2487.0,GTI Base,"$10,788",2011
"United,Gray,Metallic","118,856",437.9,GTI PZEV,"$6,999",2010
,"92,214",1013.2,GTI Base,"$6,199",2007
"Candy,White","56,268",2431.7,GTI Driver's Edition PZEV,Not Listed,2013
"Deep,Black,Metallic","76,393",640.9,GTI Base,"$9,400",2011
"Shadow,Blue,Metallic","60,659",1371.4,GTI PZEV,"$15,900",2012
"United,Gray,Metallic","97,651",2450.2,GTI PZEV,"$10,888",2013
"Candy,White","54,491",155.9,GTI Driver's Edition,"$16,400",2014
"Shadow,Blue,Metallic","104,925",1581.3,GTI Autobahn,"$11,976",2013
"Shadow,Blue,Metallic","45,480",187.0,GTI Base,"$14,991",2013
"Candy,White","95,939",1368.7,GTI Base,"$8,888",2009
"Candy,White","110,363",1363.9,GTI Wolfsburg Edition,"$11,859",2014
"Black,Magic,Metallic","122,907",2397.3,GTI Base,"$6,995",2008
"Black,Magic,Metallic","101,242",2461.7,GTI PZEV,"$8,995",2009
"Deep,Black,Pearl","60,358",303.7,GTI Autobahn PZEV,"$13,149",2012
,"22,882",80.8,GTI 1.8T,Not Listed,2004
"Carbon,Steel,Gray","88,893",1173.6,GTI Autobahn PZEV,"$12,496",2013
"Deep,Black,Pearl","79,949",1032.2,GTI Driver's Edition PZEV,"$12,995",2013
"Carbon,Steel,Gray","44,335",718.0,GTI Autobahn,"$13,913",2012
"Candy,White","28,551",1151.9,GTI PZEV,"$9,998",2012
"Carbon,Steel,Gray","48,627",1639.0,GTI Wolfsburg Edition,"$15,621",2014
"United,Gray,Metallic","78,044",1972.4,GTI Base,"$8,995",2009
"Deep,Black,Pearl","46,050",871.1,GTI Base,"$13,500",2012
"Black,Magic,Metallic","70,542",2138.4,GTI Base,"$7,995",2008
"Tornado,Red","100,043",32.4,GTI Base,"$10,199",2012
"Carbon,Steel,Gray","87,279",2557.2,GTI PZEV,"$9,395",2011
"Deep,Black,Metallic","97,900",1077.2,GTI Base,Not Listed,2010
"Deep,Black,Pearl","166,121",138.5,GTI PZEV,"$6,950",2012
"Carbon,Steel,Gray","91,816",443.7,GTI Base,"$11,200",2012
"Magma,Orange","64,600",71.9,GTI Fahrenheit,"$7,995",2007
"Black,Magic,Metallic","116,560",294.7,GTI Base,"$5,992",2008
"Tornado,Red","142,285",715.2,GTI 1.8T,"$5,495",2005
"Candy,White","66,332",737.5,GTI PZEV,"$14,100",2013
"Candy,White","79,932",16.6,GTI PZEV,"$10,900",2012
"Deep,Black,Metallic","123,000",2456.1,GTI PZEV,"$6,499",2010
"Carbon,Steel,Gray","39,766",738.8,GTI Wolfsburg Edition PZEV,"$14,899",2013
"Carbon,Steel,Gray","96,104",228.8,GTI Driver's Edition PZEV,"$12,960",2013
"Deep,Black,Pearl","125,201",745.5,GTI PZEV,"$8,999",2012
,"92,823",230.0,GTI ,"$6,995",2008
"Candy,White","35,645",742.0,GTI Driver's Edition,"$16,998",2013
"Deep,Black,Pearl","81,578",2453.4,GTI PZEV,"$10,995",2012
"Black,Magic","106,782",1081.0,GTI Base,"$6,995",2007
"Deep,Black,Pearl","103,337",191.5,GTI PZEV,"$8,995",2012
"Deep,Black,Pearl","48,673",731.2,GTI Wolfsburg Edition PZEV,"$14,995",2013
"Reflex,Silver","132,949",638.0,GTI Base,"$5,995",2007
"Tornado,Red","88,139",6.6,GTI Base,"$10,542",2011
"United,Gray,Metallic","77,096",738.0,GTI Base,"$9,795",2011
"Deep,Black,Pearl","95,292",205.3,GTI Driver's Edition,"$13,995",2014
,"59,595",2487.0,GTI PZEV,"$10,995",2011
"United,Gray,Metallic","30,963",1630.7,GTI Base,"$15,770",2013
"United,Gray,Metallic","120,110",214.7,GTI PZEV,"$8,990",2012
"Carbon,Steel,Gray","58,947",220.6,GTI PZEV,"$13,995",2012
,"149,329",438.2,GTI ,"$7,988",2011
"Carbon,Steel,Gray","47,387",171.5,GTI PZEV,"$14,797",2012
"Carbon,Steel,Gray","59,215",318.4,GTI Base,"$12,995",2011
"Candy,White","170,450",78.5,GTI Base,"$5,695",2007
"Carbon,Steel,Gray","135,894",590.1,GTI PZEV,"$7,850",2011
"Candy,White","115,435",448.5,GTI Autobahn PZEV,"$10,270",2012
"Carbon,Steel,Gray","23,820",510.6,GTI Wolfsburg Edition,Not Listed,2014
"Tornado,Red","101,220",884.6,GTI Base,"$11,950",2012
"Tornado,Red","115,246",833.3,GTI Base,"$6,990",2009
"Shadow,Blue,Metallic","85,515",565.9,GTI PZEV,"$11,940",2012
,"30,210",188.3,GTI ,"$14,830",2012
"Shadow,Blue,Metallic","59,132",2557.1,GTI PZEV,"$12,000",2011
"United,Gray,Metallic","78,485",725.4,GTI Base,"$11,695",2011
"Carbon,Steel,Gray","106,063",1227.7,GTI Driver's Edition,"$11,500",2013
"Deep,Black,Pearl","81,460",238.4,GTI PZEV,"$10,695",2012
"Candy,White","88,251",1026.5,GTI Base,"$8,888",2010
"Black,Magic,Metallic","103,050",68.9,GTI PZEV,"$7,495",2009
"United,Gray,Metallic","110,000",2488.8,GTI PZEV,"$7,777",2010
"United,Gray,Metallic","29,402",897.3,GTI PZEV,"$14,543",2013
"Deep,Black,Pearl","128,203",1179.5,GTI PZEV,"$8,795",2012
"Carbon,Steel,Gray","56,258",257.3,GTI Wolfsburg Edition,"$13,998",2014
"Deep,Black,Pearl","87,332",2449.8,GTI Base,"$11,999",2013
"United,Gray,Metallic","36,384",214.5,GTI Autobahn PZEV,"$13,670",2011
"Candy,White","80,751",2362.3,GTI PZEV,"$12,849",2013
"Black,Magic,Metallic","109,368",2550.6,GTI Base,"$6,899",2008
"Carbon,Steel,Gray","134,779",439.3,GTI Autobahn PZEV,"$8,995",2012
"Carbon,Steel,Gray","43,905",254.0,GTI Driver's Edition PZEV,"$14,350",2013
"Carbon,Steel,Gray","23,512",954.9,GTI Autobahn PZEV,"$14,588",2013
"Shadow,Blue,Metallic","94,468",34.7,GTI PZEV,"$8,995",2011
"Candy,White","97,786",740.2,GTI Base,"$8,999",2010
"Black,Magic,Metallic","88,803",731.4,GTI Base,"$7,985",2009
"Deep,Black,Pearl","96,524",584.4,GTI Base,"$11,745",2013
"Shadow,Blue,Metallic","61,494",1058.6,GTI Base,"$10,995",2012
"Deep,Black,Metallic","70,109",103.0,GTI PZEV,"$11,499",2011
"Deep,Black,Pearl","72,000",2392.2,GTI Wolfsburg Edition,"$11,998",2013
"Candy,White","46,697",114.5,GTI Wolfsburg Edition,"$14,995",2013
"Tornado,Red","22,390",1061.3,GTI Autobahn,"$16,998",2012
"Deep,Black,Pearl","50,624",748.4,GTI Driver's Edition,"$15,204",2013
"United,Gray,Metallic","105,229",1967.3,GTI Base,"$9,875",2011
"Tornado,Red","142,034",749.1,GTI Autobahn,"$8,495",2011
"Carbon,Steel,Gray","64,311",100.0,GTI Wolfsburg Edition,"$12,995",2014
"Tornado,Red","65,296",1328.5,GTI PZEV,"$11,741",2012
"Tornado,Red","39,726",140.3,GTI Base,"$13,995",2013
"Carbon,Steel,Gray","114,198",155.7,GTI Base,"$8,990",2011
"Candy,White","125,299",566.8,GTI Base,"$6,994",2009
"United,Gray","133,416",646.1,GTI Base,"$5,995",2007
"United,Gray,Metallic","100,607",2438.6,GTI PZEV,"$8,991",2009
"United,Gray,Metallic","45,554",1372.9,GTI PZEV,"$14,529",2013
"Shadow,Blue,Metallic","123,469",128.1,GTI PZEV,"$8,999",2012
"Carbon,Steel,Gray","83,019",220.1,GTI Driver's Edition,"$12,544",2014
"Tornado,Red","84,816",533.1,GTI Base,"$7,999",2009
"Deep,Black,Metallic","84,916",28.7,GTI PZEV,"$8,999",2010
"Carbon,Steel,Gray","97,658",1228.2,GTI PZEV,"$11,450",2013
"Carbon,Steel,Gray","29,103",993.4,GTI Base,"$14,175",2012
"Deep,Black,Pearl","15,745",2235.0,GTI Driver's Edition PZEV,"$18,998",2013
"Deep,Black,Pearl","88,776",84.7,GTI Autobahn PZEV,"$9,995",2012
"Deep,Black,Pearl","40,947",2399.4,GTI Wolfsburg Edition,"$14,750",2014
"Deep,Black,Metallic","129,122",584.4,GTI Base,"$7,454",2010
"Deep,Black,Metallic","81,000",2488.8,GTI Base,"$8,999",2010
"Black,Magic,Metallic","138,546",725.1,GTI Base,"$4,990",2008
"Deep,Black,Pearl","88,663",8.4,GTI PZEV,"$11,395",2013
"Deep,Black,Pearl","84,033",1098.9,GTI Autobahn PZEV,"$9,991",2012
"Deep,Black,Pearl","41,788",512.2,GTI PZEV,"$13,988",2013
"Candy,White","179,211",258.7,GTI Driver's Edition PZEV,"$8,995",2013
"Black,Magic,Metallic","94,710",720.8,GTI Base,"$7,126",2009
"Deep,Black,Pearl","76,851",24.6,GTI Autobahn PZEV,"$10,990",2012
"Shadow,Blue,Metallic","105,961",138.2,GTI Autobahn PZEV,"$9,999",2011
"Deep,Black,Pearl","27,933",1031.9,GTI Wolfsburg Edition,"$15,500",2014
"Black,Magic,Metallic","99,050",561.3,GTI Base,"$7,000",2008
"Candy,White","87,025",1965.9,GTI PZEV,"$9,995",2011
"Candy,White","42,216",395.1,GTI Driver's Edition PZEV,"$14,700",2013
"Deep,Black,Pearl","95,968",1420.3,GTI PZEV,"$9,500",2012
"Candy,White","49,505",1634.0,GTI PZEV,"$14,000",2013
"Candy,White","91,725",724.4,GTI PZEV,"$9,700",2012
"Deep,Black,Pearl","26,751",129.3,GTI Autobahn PZEV,"$17,468",2013
"Deep,Black,Pearl","83,529",1049.3,GTI PZEV,"$11,673",2013
"Candy,White","109,489",1434.2,GTI Base,"$8,900",2010
"Shadow,Blue,Metallic","34,342",1210.7,GTI Base,"$14,996",2013
"Candy,White","56,589",220.1,GTI PZEV,"$12,991",2013
"Candy,White","68,352",102.6,GTI Wolfsburg Edition,"$12,990",2014
"Deep,Black,Pearl","80,810",117.1,GTI PZEV,"$10,500",2013
"Deep,Black,Pearl","55,134",1637.7,GTI Wolfsburg Edition,"$14,000",2014
"United,Gray,Metallic","67,522",230.9,GTI Autobahn PZEV,"$12,833",2013
"Black,Magic,Metallic","128,725",1024.0,GTI PZEV,"$5,450",2009
"United,Gray,Metallic","97,691",204.5,GTI Base,"$5,996",2008
"Candy,White","60,123",859.9,GTI Base,"$11,967",2012
"Deep,Black,Pearl","25,600",2401.0,GTI Wolfsburg Edition,"$15,841",2014
"Candy,White","94,390",2138.4,GTI Base,"$6,995",2008
"Carbon,Steel,Gray","113,657",288.5,GTI PZEV,"$9,610",2013
"United,Gray,Metallic","76,504",730.7,GTI Base,"$11,991",2013
"Carbon,Steel,Gray","166,899",387.9,GTI Autobahn PZEV,"$6,900",2012
"United,Gray,Metallic","90,070",584.4,GTI PZEV,"$7,111",2009
"Tornado,Red","22,345",2226.2,GTI PZEV,"$17,998",2013
"Deep,Black,Pearl","114,973",1510.4,GTI Wolfsburg Edition,"$10,991",2014
"United,Gray,Metallic","86,975",844.0,GTI PZEV,"$12,495",2013
"Candy,White","104,690",486.0,GTI Autobahn PZEV,"$10,987",2013
"Deep,Black,Pearl","61,223",846.0,GTI Wolfsburg Edition,"$13,881",2014
"Deep,Black,Pearl","65,280",233.3,GTI Driver's Edition PZEV,"$12,700",2013
"Deep,Black,Pearl","104,850",541.0,GTI PZEV,"$8,995",2012
"Deep,Black,Pearl","34,123",1022.3,GTI Wolfsburg Edition,"$11,833",2014
"Deep,Black,Pearl","86,064",72.4,GTI Autobahn PZEV,"$8,245",2012
"Deep,Black,Pearl","49,780",660.2,GTI PZEV,"$10,599",2012
"Deep,Black,Metallic","108,730",914.4,GTI PZEV,"$7,498",2011
"Candy,White","17,330",230.0,GTI Wolfsburg Edition,"$15,995",2014
"Shadow,Blue,Metallic","99,900",230.0,GTI Base,"$7,995",2010
"Shadow,Blue,Metallic","37,885",2460.8,GTI PZEV,"$13,700",2013
"Deep,Black,Pearl","65,414",71.8,GTI Wolfsburg Edition,"$12,444",2014
"Deep,Black,Pearl","73,193",2400.8,GTI PZEV,"$8,995",2012
"Black,Magic,Metallic","88,100",238.4,GTI Base,"$6,725",2008
"Shadow,Blue,Metallic","43,240",255.4,GTI Autobahn PZEV,"$15,000",2013
"Deep,Black,Metallic","84,096",1965.9,GTI Autobahn PZEV,"$10,495",2011
"Carbon,Steel,Gray","76,570",1671.3,GTI Base,"$9,450",2013
"Carbon,Steel,Gray","126,008",13.7,GTI PZEV,"$5,988",2012
"Candy,White","71,189",173.2,GTI Wolfsburg Edition,"$11,990",2014
"Carbon,Steel,Gray","35,158",72.0,GTI Driver's Edition,"$14,995",2014
"Deep,Black,Metallic","96,412",177.4,GTI PZEV,"$8,699",2011
"Deep,Black,Pearl","97,578",635.0,GTI Base,"$9,900",2013
"United,Gray,Metallic","149,189",45.8,GTI PZEV,"$4,750",2009
"Deep,Black,Pearl","85,414",9.1,GTI PZEV,"$8,980",2012
"Deep,Black,Pearl","75,274",2127.3,GTI Wolfsburg Edition,"$11,478",2013
"Candy,White","123,816",2497.6,GTI Wolfsburg Edition,"$8,999",2014
"Candy,White","81,886",178.9,GTI PZEV,"$10,950",2013
"Deep,Black,Metallic","95,317",1411.9,GTI Base,"$8,488",2011
"United,Gray,Metallic","119,449",1089.4,GTI Base,"$6,700",2010
,"163,992",2137.3,GTI Base,"$3,995",2008
"Carbon,Steel,Gray","120,397",2454.2,GTI PZEV,"$7,249",2010
"United,Gray,Metallic","91,566",2454.2,GTI PZEV,"$9,495",2012
"Tornado,Red","62,962",715.3,GTI Autobahn PZEV,"$12,556",2012
"Carbon,Steel,Gray","114,936",564.6,GTI Base,"$8,995",2012
"Carbon,Steel,Gray","61,971",562.1,GTI PZEV,"$11,500",2012
"Deep,Black,Pearl","40,858",891.4,GTI Driver's Edition,"$13,950",2014
"Deep,Black,Pearl","84,015",147.5,GTI PZEV,"$9,997",2013
"Deep,Black,Pearl","76,017",2403.4,GTI PZEV,"$9,990",2012
"United,Gray,Metallic","72,076",75.8,GTI PZEV,"$9,998",2012
