Extcolor,Mileage,Milerange,Model,Price,Year
"Jet,Black","18,510",737.8,GT-R Premium,"$80,463",2017
"Super,Silver","12,519",1061.3,GT-R Premium,"$69,900",2016
"Jet,Black","27,712",103.6,GT-R Premium,"$64,999",2015
"Jet,Black","28,530",542.2,GT-R Premium,"$59,954",2014
"Jet,Black","10,600",731.2,GT-R Premium,"$84,991",2017
"Solid,Red","9,619",935.0,GT-R Premium,"$84,879",2017
"Deep,Blue,Pearl","9,525",1065.4,GT-R Premium,"$73,290",2016
"Gun,Metallic","11,626",728.9,GT-R Premium,"$82,080",2017
"Blaze,Metallic","4,601",736.1,GT-R Premium,"$89,766",2018
"Gun,Metallic","16,243",292.2,GT-R Premium,"$67,500",2014
"Jet,Black","22,832",736.1,GT-R Premium,"$79,977",2017
"Solid,Red","13,635",100.2,GT-R Premium,"$87,888",2018
"Solid,Red","12,877",835.4,GT-R Premium,"$90,000",2018
"Blaze,Metallic","3,690",2172.3,GT-R Premium,"$89,999",2018
"Pearl,White","12,674",2232.9,GT-R Premium,"$71,888",2015
"Jet,Black,Pearl","8,624",589.5,GT-R Premium,"$91,000",2018
"Super,Silver,Metallic","13,603",1428.3,GT-R Premium,"$89,230",2018
"Black,Obsidian","24,817",824.8,GT-R Premium,"$52,995",2009
"Solid,Red","38,913",1049.0,GT-R Premium,"$59,600",2009
"Black,Obsidian","81,536",559.3,GT-R Premium,"$75,000",2010
"Super,Silver","63,124",2550.8,GT-R Premium,"$50,777",2009
"Deep,Blue,Pearl","30,095",2415.1,GT-R Black Edition,"$64,950",2012
"Black,Obsidian","78,925",1969.4,GT-R Premium,Not Listed,2010
"Super,Silver,Metallic","44,783",11.0,GT-R Premium,"$54,500",2010
"Gun,Metallic","61,921",317.6,GT-R Premium,"$48,400",2010
"Super,Silver,Metallic",Not,636.5,GT-R Black Edition,"$61,799",2014
"Black,Obsidian","55,000",2233.3,GT-R Premium,"$79,999",2010
"Jet,Black","58,182",133.5,GT-R Premium,"$67,888",2016
"Gun,Metallic","85,489",2458.5,GT-R Premium,"$47,950",2010
"Gun,Metallic","50,552",1085.0,GT-R Premium,Not Listed,2014
"Super,Silver","55,591",2400.8,GT-R Premium,Not Listed,2009
"Ivory,Pearl","98,583",2144.9,GT-R Premium,Not Listed,2009
"Ivory,Pearl","15,000",619.4,GT-R Premium,"$22,500",2009
"Gun,Metallic","8,218",2503.4,GT-R Premium,Not Listed,2016
"Gun,Metallic","16,015",500.4,GT-R Premium,"$94,995",2017
Titanium,"71,523",210.6,GT-R Premium,"$52,000",2009
"Jet,Black","13,161",1621.4,GT-R Black Edition,"$76,589",2015
"Gun,Metallic","90,403",12.3,GT-R Premium,"$69,900",2010
"Jet,Black","24,265",214.0,GT-R Premium,"$64,888",2013
"Pearl,White","36,200",2441.7,GT-R Premium,"$68,500",2013
"Black,Obsidian","28,939",2433.9,GT-R Premium,"$64,995",2009
"Black,Obsidian","49,051",848.1,GT-R Premium,"$49,991",2010
"Solid,Red","35,696",409.0,GT-R Premium,Not Listed,2010
"Gun,Metallic","33,029",228.3,GT-R Black Edition,"$63,995",2014
"Jet,Black","28,019",228.3,GT-R Black Edition,"$64,995",2014
"Pearl,White","34,970",1172.1,GT-R Black Edition,Not Listed,2014
"Black,Obsidian","23,115",1506.7,GT-R Premium,"$99,988",2010
"Ivory,Pearl","26,800",619.4,GT-R Premium,"$22,500",2009
"Super,Silver,Metallic",Not,178.2,GT-R Premium,"$66,598",2014
"Regal,Red",Not,1031.0,GT-R Premium,"$77,990",2016
"Gun,Metallic","23,675",1624.1,GT-R Premium,"$59,900",2009
"Black,Obsidian","52,004",719.6,GT-R Premium,"$66,999",2010
"Super,Silver",Not,2493.8,GT-R NISMO,"$149,999",2017
"Pearl,White","21,403",2541.4,GT-R Premium,"$74,888",2016
"Jet,Black,Pearl","5,892",911.9,GT-R Premium,"$92,991",2018
"Super,Silver,Metallic","25,404",1633.5,GT-R Premium,"$67,371",2014
"Jet,Black","43,864",9.7,GT-R Premium,"$60,500",2014
"Ivory,Pearl","27,100",57.5,GT-R Premium,"$63,000",2009
"Solid,Red","9,548",738.3,GT-R Premium,"$63,960",2010
,"3,648",619.4,GT-R ,"$35,000",2016
"Solid,Red","4,171",738.3,GT-R Premium,Not Listed,2016
,"9,900",619.4,GT-R ,"$27,000",2014
"Black,Obsidian","19,792",28.0,GT-R Premium,Not Listed,2009
"Ivory,Pearl","38,081",5.4,GT-R Premium,"$54,908",2009
"Black,Obsidian","12,411",1024.4,GT-R Premium,"$64,994",2009
"Super,Silver","10,908",1426.2,GT-R Premium,"$75,850",2015
"Jet,Black","31,255",2127.0,GT-R Premium,"$75,000",2015
"Super,Silver","16,145",780.4,GT-R Premium,"$55,990",2009
"Pearl,White","10,597",2552.2,GT-R Premium,"$78,800",2016
"Regal,Red","14,590",515.8,GT-R Black Edition,"$79,500",2016
"Jet,Black","23,084",18.6,GT-R Premium,"$67,988",2014
"Pearl,White","19,280",986.6,GT-R Premium,"$69,991",2013
"Super,Silver,Metallic","31,103",947.1,GT-R Black Edition,"$65,999",2014
"Jet,Black","26,712",2135.6,GT-R Premium,"$74,000",2015
"Gun,Metallic","40,680",1081.9,GT-R Premium,"$84,999",2013
"Super,Silver,Metallic","36,509",2122.7,GT-R Premium,"$67,995",2013
"Jet,Black","57,900",295.9,GT-R Premium,"$61,995",2013
"Pearl,White","16,500",2431.4,GT-R Premium,"$65,991",2010
"Solid,Red","28,936",205.7,GT-R Premium,"$71,292",2015
"Pearl,White","40,220",1077.5,GT-R Premium,"$64,500",2014
"Super,Silver,Metallic","60,608",1371.7,GT-R Black Edition,"$59,997",2012
"Jet,Black","37,432",2551.5,GT-R Premium,"$63,995",2014
"Jet,Black","19,033",2392.7,GT-R NISMO,"$124,991",2016
"Low-Gloss,Matte,Gray","2,100",533.2,GT-R NISMO,"$169,999",2015
"Super,Silver,Metallic","9,413",532.0,GT-R Premium,"$92,890",2018
"Jet,Black","11,795",1154.7,GT-R Black Edition,"$77,995",2016
"Solid,Red","4,232",533.1,GT-R Track Edition,"$129,995",2019
"Jet,Black,Pearl","7,186",533.1,GT-R Premium,"$94,995",2018
"Solid,Red","4,099",738.3,GT-R Premium,"$94,800",2018
"Solid,Red","4,865",738.3,GT-R Premium,"$94,800",2018
"Blaze,Metallic","5,129",738.3,GT-R Track Edition,"$104,800",2018
"Pearl,White","11,763",2433.3,GT-R Premium,"$78,997",2016
"Jet,Black,Pearl","8,024",738.3,GT-R Premium,"$93,800",2018
"Deep,Blue,Pearl","12,805",739.2,GT-R Premium,"$94,981",2018
"Pearl,White","9,204",1061.3,GT-R Black Edition,"$75,800",2013
"Jet,Black","44,191",640.4,GT-R Premium,"$61,990",2014
"Super,Silver,Metallic","17,521",82.1,GT-R Premium,"$64,950",2012
"Solid,Red","3,705",1506.7,GT-R Premium,"$299,988",2012
"Jet,Black","3,799",1506.7,GT-R Premium,"$147,988",2017
"Jet,Black","26,755",935.8,GT-R Premium,"$69,888",2016
"Super,Silver","5,642",1637.5,GT-R NISMO,"$119,999",2015
"Super,Silver,Metallic","13,601",764.9,GT-R Black Edition,"$67,900",2012
"Jet,Black","18,653",2237.5,GT-R Premium,"$72,991",2016
"Pearl,White","14,400",1622.2,GT-R Premium,"$94,000",2018
"Pearl,White","22,566",2565.0,GT-R Premium,"$84,000",2018
"Black,Obsidian","33,299",732.9,GT-R Premium,"$50,999",2009
"Deep,Blue,Pearl","11,370",175.7,GT-R Premium,"$89,988",2017
"Pearl,White","18,472",416.2,GT-R Premium,"$86,703",2017
"Deep,Blue,Pearl","8,573",847.6,GT-R Premium,"$87,322",2018
"Super,Silver","44,294",1079.1,GT-R Premium,"$49,990",2009
"Super,Silver","22,434",1423.3,GT-R Black Edition,"$72,945",2016
"Gun,Metallic","13,801",1024.4,GT-R Premium,"$57,678",2009
"Super,Silver","1,507",434.3,GT-R Premium,"$91,989",2017
"Solid,Red","23,092",1635.0,GT-R Premium,"$58,500",2009
"Deep,Blue,Pearl","6,070",1061.3,GT-R Premium,"$89,800",2018
"Solid,Red","8,323",611.3,GT-R Premium,"$88,989",2018
"Super,Silver","23,447",2393.6,GT-R Premium,"$71,570",2015
"Super,Silver","39,433",1089.3,GT-R Black Edition,"$68,900",2016
"Pearl,White","9,470",722.9,GT-R Black Edition,"$75,987",2015
"Pearl,White","50,129",1507.7,GT-R Premium,"$57,418",2013
"Blaze,Metallic","5,221",738.3,GT-R Premium,"$91,800",2018
Titanium,"39,836",2567.1,GT-R Premium,"$51,988",2009
"Gun,Metallic","14,986",2428.7,GT-R Premium,"$87,777",2018
"Jet,Black","19,413",736.1,GT-R Black Edition,"$76,337",2016
"Midnight,Opal","15,436",173.3,GT-R Premium,"$69,777",2014
"Gun,Metallic","18,613",1971.9,GT-R Premium,"$58,995",2009
"Jet,Black","11,722",721.2,GT-R Premium,"$69,995",2014
"Blaze,Metallic","20,354",995.6,GT-R Premium,"$80,995",2017
"Gun,Metallic","6,476",561.2,GT-R Black Edition,"$81,888",2016
"Pearl,White","2,377",26.6,GT-R Premium,"$98,274",2018
"Blaze,Metallic","5,401",2114.7,GT-R Premium,"$89,995",2018
"Pearl,White,TriCoat","4,130",533.1,GT-R Premium,"$99,995",2019
"Gun,Metallic","68,040",1005.7,GT-R Premium,"$54,999",2013
"Solid,Red","18,829",1061.3,GT-R Premium,"$83,900",2017
"Pearl,White","10,891",416.2,GT-R NISMO,"$129,991",2016
"Jet,Black,Pearl","12,011",101.8,GT-R Premium,"$92,404",2018
"Pearl,White","30,363",520.5,GT-R Premium,"$69,000",2015
"Regal,Red","22,002",113.7,GT-R Premium,"$71,777",2016
"Pearl,White","16,845",26.6,GT-R Premium,"$73,590",2014
"Pearl,White","12,534",1058.7,GT-R Premium,"$92,483",2018
