Extcolor,Mileage,Milerange,Model,Price,Year
"Carrara,White","12,877",1508.8,911 GT3 RS,"$139,740",2011
"GT,Silver,Metallic","6,540",1096.8,911 Carrera,"$79,970",2018
White,"3,040",1062.0,911 GT3,"$144,977",2018
"GT,Silver,Metallic","2,985",2549.7,911 GT3 RS,"$199,800",2019
"Carmine,Red","4,540",416.2,911 Carrera,"$75,500",2017
"Black,Metallic","78,193",1428.7,911 Carrera,"$14,691",2000
"Arctic,Silver,Metallic","31,557",883.6,911 Turbo ,"$45,950",2004
Black,"29,400",72.4,911 Carrera S,"$65,995",2015
White,"8,156",641.1,911 Carrera,"$61,795",2015
White,"61,956",641.3,911 Carrera,"$49,990",2015
"Anthracite,Brown,Metallic","18,945",163.5,911 Carrera S,"$71,998",2015
"Basalt,Black,Metallic","93,414",2394.2,911 Carrera S,"$27,997",2006
"Carrara,White,Metallic","36,278",1365.5,911 Turbo S,"$129,995",2016
"Guards,Red","5,659",728.7,911 Carrera T,"$95,000",2018
"Racing,Yellow","10,522",737.8,911 Carrera GTS,"$107,994",2018
Black,"57,304",1428.7,911 Carrera,"$30,991",2007
Black,"86,000",2392.6,911 Carrera S,"$31,888",2007
"GT,Silver,Metallic","11,601",472.0,911 Carrera S,"$90,551",2017
Black,"81,257",2557.2,911 Carrera,"$28,888",2005
Ultraviolet,"2,059",0.6,911 GT3 RS,"$189,995",2016
"GT,Silver,Metallic","1,849",0.6,911 Turbo S,"$193,995",2018
"GT,Silver,Metallic",18,24.6,911 Carrera T,"$113,820",2019
"Racing,Yellow","9,732",35.8,911 Carrera S,"$96,895",2017
Black,"88,949",2431.2,911 Carrera,"$45,998",2012
White,"6,725",0.6,911 Turbo,"$123,495",2014
White,"12,784",429.7,911 Carrera T,"$96,890",2018
Black,"83,065",545.1,911 Carrera,"$47,590",2012
Black,"44,489",2446.5,911 Turbo,"$48,490",2002
"Slate,Grey,Metallic","77,296",213.7,911 Carrera 4S,"$25,985",2003
Black,"41,612",2557.2,911 Carrera,"$57,998",2014
Black,"2,314",24.6,911 GT3,"$162,000",2018
"Guards,Red",88,24.6,911 GT2 RS,"$465,000",2018
"Guards,Red",35,24.6,911 GT2 RS,"$398,990",2018
"Lizard,Green",16,24.6,911 GT3 RS,"$264,900",2019
Black,"11,535",1363.8,911 Turbo S,"$134,888",2015
Chalk,"19,062",2565.6,911 Carrera S,"$107,900",2018
White,550,1146.2,911 GT3 RS,"$223,850",2019
"Jet,Black,Metallic","10,381",209.7,911 Carrera S,"$99,900",2017
Black,"10,919",2392.8,911 Carrera S,"$54,996",2007
"Carmine,Red","3,067",767.9,911 Carrera 4S,"$125,571",2018
White,"2,397",48.5,911 GT3,"$173,980",2018
"Platinum,Silver,Metallic","21,988",2235.8,911 Carrera S,"$74,495",2013
"Atlas,Grey,Metallic","52,189",328.9,911 Carrera S,"$36,795",2006
"Agate,Grey,Metallic","16,960",880.3,911 Carrera 4S,"$89,988",2014
"Guards,Red","18,766",50.3,911 Targa 4S,"$114,900",2016
"Atlas,Grey,Metallic","64,997",1095.6,911 Carrera S,"$39,500",2008
Chalk,"2,706",1064.1,911 GT3,"$173,900",2018
"Jet,Black,Metallic","6,124",393.6,911 Turbo S,"$181,991",2018
Black,"2,774",1024.7,911 Carrera,"$93,900",2019
Ultraviolet,300,213.8,911 GT3 RS,"$180,888",2016
"Miami,Blue","2,601",213.8,911 GT3,"$184,888",2018
Black,"22,784",2421.6,911 Carrera,"$81,990",2017
"GT,Silver,Metallic","24,162",1429.1,911 Turbo S,"$129,998",2015
White,"2,371",0.6,911 GT3 RS,"$188,995",2016
"Racing,Yellow",267,0.6,911 Turbo,"$329,000",2019
"Jet,Black,Metallic","4,678",0.6,911 Turbo S,"$171,495",2017
"Carrara,White,Metallic","3,606",555.1,911 Turbo S,"$166,995",2017
Black,"8,865",49.5,911 Turbo,"$135,595",2016
Ultraviolet,"1,352",26.0,911 GT3 RS,"$184,900",2016
Black,"89,721",1027.1,911 Carrera 4S,"$46,981",2010
Black,"50,134",731.6,911 Carrera 4,"$21,985",2001
"GT,Silver,Metallic","18,178",16.0,911 Targa 4 GTS,"$149,998",2018
"Platinum,Silver,Metallic","10,229",1371.9,911 Carrera,"$67,900",2013
"Sapphire,Blue,Metallic","9,379",209.7,911 Carrera GTS,"$112,000",2017
"Dark,Blue,Metallic","22,292",923.6,911 Carrera,"$60,987",2013
White,"1,493",325.0,911 GT3,"$157,980",2019
Black,"34,524",2441.5,911 Carrera 4S,"$72,980",2013
"GT,Silver,Metallic","38,875",456.0,911 Carrera S,"$69,900",2014
"Mahogany,Metallic","1,098",26.0,911 Turbo S,"$164,900",2016
White,"18,021",532.8,911 Carrera,"$84,597",2017
White,"10,563",2398.0,911 GT3,"$124,995",2014
"Basalt,Black,Metallic","31,770",28.0,911 Turbo,"$107,995",2014
Black,"24,635",1000.0,911 Carrera,"$55,991",2012
Black,"22,606",728.7,911 Carrera 4S,"$83,500",2014
Black,"8,541",22.1,911 Turbo S,"$169,885",2017
"Arctic,Silver,Metallic","25,419",215.0,911 GT3,"$89,999",2007
"Arctic,Silver,Metallic","15,074",205.7,911 Turbo,"$72,000",2009
"Sapphire,Blue,Metallic","9,003",48.6,911 Carrera S,"$99,987",2017
"Carrara,White","3,639",1634.7,911 GT3 RS,"$199,000",2011
"Jet,Black,Metallic","16,053",2441.4,911 Turbo S,"$168,850",2017
Black,"1,679",1413.3,911 GT3,"$171,270",2018
"Miami,Blue",47,1146.2,911 GT2 RS,"$399,995",2018
"Sapphire,Blue,Metallic","2,026",1146.2,911 GT3,"$188,985",2018
Black,"2,546",0.6,911 GT2 RS,"$335,995",2018
Chalk,"1,012",2441.5,911 GT3 RS,"$243,980",2019
Chalk,28,2441.5,911 GT2 RS,"$379,960",2018
"Guards,Red",645,563.5,911 GT3,"$159,980",2018
White,"3,800",737.8,911 Carrera S,"$112,994",2017
"Rhodium,Silver,Metallic","11,404",2456.7,911 GT3,"$149,980",2016
"GT,Silver,Metallic","1,850",732.1,911 Carrera,"$102,950",2018
"Jet,Black,Metallic","6,254",2441.5,911 Targa 4S,"$124,980",2017
"Dark,Blue,Metallic","31,844",1061.3,911 Carrera S,"$69,800",2013
"Jet,Black,Metallic","27,535",1506.7,911 Carrera S,"$78,488",2015
"Basalt,Black,Metallic","49,786",103.9,911 Turbo,"$65,990",2008
"Lava,Orange","16,178",80.1,911 Carrera GTS,"$103,455",2016
"Arctic,Silver,Metallic","53,756",103.9,911 Carrera S,"$38,990",2005
"Jet,Black,Metallic","31,877",711.4,911 Carrera Black Edition,"$69,888",2016
Black,"16,111",174.5,911 Carrera 4S,"$101,119",2017
White,"1,760",3359.2,911 GT3 RS,"$194,995",2016
Black,"11,328",1001.4,911 Carrera,"$83,611",2016
"Guards,Red","1,921",209.7,911 GT3,"$174,500",2018
Black,"41,265",2542.6,911 Carrera 4S,"$77,990",2014
"Miami,Blue","3,575",1001.4,911 Carrera,"$117,944",2018
"Guards,Red","46,820",1371.9,911 GT3,"$76,900",2007
Black,"31,987",722.8,911 Carrera,"$34,495",2006
White,"14,064",22.1,911 Carrera 4,"$82,900",2016
Black,"38,566",529.2,911 Turbo S,"$116,500",2014
Black,"11,381",1631.5,911 Turbo S,"$154,987",2016
"Basalt,Black,Metallic","45,188",743.9,911 Carrera S,"$63,974",2013
"Porsche,Racing,Green","17,093",1508.8,911 Carrera S,"$61,000",2009
"Racing,Yellow",561,0.6,911 Turbo S,"$319,000",2018
"Aqua,Blue,Metallic","10,595",880.3,911 GT3,"$169,950",2011
"GT,Silver,Metallic","1,782",700.4,911 Carrera T,"$101,000",2019
White,"5,803",221.5,911 Carrera GTS,"$127,998",2019
"GT,Silver,Metallic",218,1413.3,911 GT3 RS,"$241,390",2019
White,"45,779",1380.7,911 Carrera S,"$65,988",2013
Black,"11,016",946.6,911 Carrera,"$89,988",2018
"Cobalt,Blue,Metallic","67,989",731.7,911 Carrera S,"$32,975",2006
Black,"46,804",2494.5,911 Carrera,"$36,777",2008
Black,"12,338",429.7,911 Carrera S,"$98,885",2017
"Jet,Black,Metallic","20,637",117.7,911 Carrera S,"$92,991",2016
Black,318,1146.2,911 Turbo,"$318,785",2008
"Guards,Red","10,547",1371.9,911 GT2 RS,"$329,900",2018
Black,"16,217",2442.2,911 GT3,"$135,800",2007
White,"27,712",1080.1,911 Turbo S,"$139,999",2017
"GT,Silver,Metallic","12,817",732.1,911 Carrera S,"$104,950",2017
"Night,Blue,Metallic","8,900",2233.4,911 Carrera GTS,"$118,987",2017
"Arctic,Silver,Metallic","47,870",2442.1,911 Carrera 4S,"$32,990",2004
Ultraviolet,"3,218",1413.3,911 GT3 RS,"$179,991",2016
"Racing,Yellow","2,174",1413.3,911 GT3 RS,"$249,991",2019
Chalk,"2,520",292.8,911 GT3,"$166,890",2018
"Racing,Yellow",323,292.8,911 Carrera T,"$123,300",2019
"Macadamia,Metallic","32,059",1061.3,911 Turbo,"$69,800",2008
Black,"8,401",48.5,911 Turbo S,"$159,899",2017
"Black,Metallic","66,568",2446.5,911 Carrera,"$16,990",2000
"GT,Silver,Metallic","49,533",996.3,911 Carrera S,"$38,500",2007
"Ruby,Red,Metallic","42,428",1423.3,911 Carrera 4S,"$49,901",2009
"Lizard,Green","2,428",946.8,911 GT3 RS,"$225,900",2019
Black,"26,156",1807.2,911 Turbo,"$65,994",2007
"GT,Silver,Metallic","11,354",1807.2,911 GT3,"$129,991",2015
"Racing,Yellow",170,1413.3,911 Turbo,"$339,991",2018
"Lava,Orange","7,335",1380.6,911 Carrera 4 GTS,"$139,900",2019
White,"18,664",1409.9,911 Turbo,"$109,900",2014
Black,"30,182",2456.7,911 Turbo S,"$108,380",2012
"GT,Silver,Metallic","4,467",1413.3,911 Turbo,"$167,991",2017
"Racing,Yellow",75,1413.3,911 Turbo,Not Listed,2019
"GT,Silver,Metallic",139,1413.3,911 Turbo S,"$189,890",2019
"Agate,Grey,Metallic","2,905",2406.9,911 Carrera,"$112,881",2019
"GT,Silver,Metallic","4,533",729.1,911 Carrera T,"$99,991",2019
"Carmine,Red,Metallic","12,625",409.0,911 Carrera GTS,"$103,491",2016
"Lapis,Blue,Metallic","11,643",807.4,911 Carrera 4S,"$48,995",2006
White,"14,389",1508.8,911 GT3,"$129,991",2015
"Polar,Silver,Metallic","82,338",1362.5,911 Carrera 4S,"$24,995",2003
"Miami,Blue",35,221.5,911 Carrera T,"$109,998",2019
"Arctic,Silver,Metallic","18,606",73.2,911 Carrera,"$41,995",2006
"Agate,Grey,Metallic","3,207",209.7,911 Turbo,"$149,500",2017
"Carrara,White,Metallic","5,176",555.1,911 Carrera T,"$99,995",2018
Black,"27,846",2567.4,911 Carrera,"$74,995",2016
"Racing,Yellow",794,1371.9,911 Turbo,"$319,900",2018
Ultraviolet,"1,183",1371.9,911 GT3 RS,"$175,900",2016
"GT,Silver,Metallic","1,120",1371.9,911 Turbo S,"$203,900",2019
Black,"6,983",2445.8,911 Turbo,"$165,000",2018
White,"57,915",729.7,911 Carrera 4S,"$65,000",2013
"Arctic,Silver,Metallic","51,723",1631.5,911 Carrera,"$19,987",2000
"Guards,Red","3,688",2456.7,911 GT3,"$159,980",2018
"Jet,Black,Metallic","6,317",1371.9,911 Turbo S,"$154,900",2016
"Carrara,White,Metallic","2,220",586.1,911 GT3,"$163,424",2018
"Lapis,Blue,Metallic","3,096",1413.3,911 Carrera S,"$158,997",2006
"Mahogany,Metallic",144,1413.3,911 Carrera GTS,"$204,991",2016
White,"10,603",50.3,911 Targa 4S,"$108,900",2014
"Racing,Yellow","2,740",80.2,911 GT3,"$160,479",2018
Ultraviolet,"1,889",1045.8,911 GT3 RS,"$183,990",2016
Ultraviolet,"2,701",835.9,911 GT3 RS,"$176,990",2016
"GT,Silver,Metallic","19,405",1020.5,911 Carrera 4S,"$92,370",2016
Chalk,"4,418",1065.2,911 Carrera GTS,"$139,900",2018
"GT,Silver,Metallic",989,2438.2,911 GT3 RS,"$167,800",2016
"Lizard,Green",413,1096.3,911 GT3 RS,"$259,900",2019
Ultraviolet,263,1096.3,911 GT3 RS,"$199,900",2016
"Seal,Grey,Metallic","69,926",719.6,911 Targa,"$22,924",2003
"Agate,Grey,Metallic","25,122",749.4,911 Turbo S,"$125,000",2016
Black,"22,818",722.0,911 Carrera,"$36,995",2006
Black,"11,266",174.4,911 Carrera,"$78,777",2016
White,"9,068",880.3,911 Targa 4 GTS,"$139,950",2017
Black,"25,981",479.7,911 Turbo ,"$57,356",2004
"Arctic,Silver,Metallic","67,000",720.5,911 Carrera,"$28,991",2006
White,"17,933",533.1,911 GT3,"$124,995",2014
White,"36,459",174.4,911 Carrera S,"$78,777",2015
"Agate,Grey,Metallic","21,959",738.3,911 Carrera,"$61,999",2014
"Lizard,Green",500,2473.7,911 GT3 RS,"$235,898",2019
"Lava,Orange","3,040",2473.7,911 GT3 RS,"$175,898",2016
Black,"80,000",2392.6,911 Carrera,"$29,888",2005
Chalk,"1,884",3.3,911 GT3,"$192,995",2018
"Guards,Red","1,148",164.2,911 GT2 RS,"$349,911",2018
Black,"29,934",224.2,911 Turbo ,"$54,890",2004
Black,"9,590",174.4,911 Turbo S,"$148,777",2015
"Racing,Yellow",45,880.3,911 Turbo,"$309,975",2019
"Guards,Red","1,658",2549.7,911 GT3,"$220,900",2019
White,"1,708",2549.7,911 GT3,"$189,800",2018
"Carrara,White,Metallic","2,207",2549.7,911 GT3,"$169,800",2018
Black,"2,628",2549.7,911 Turbo,"$207,820",2018
Black,"21,195",2424.6,911 Carrera,"$71,988",2017
Chalk,799,1965.0,911 GT3,"$174,924",2018
White,800,1001.4,911 Carrera S,"$129,885",2019
Black,"33,718",1045.8,911 Turbo S,"$93,790",2012
"GT,Silver,Metallic","13,913",935.0,911 Carrera,"$66,924",2014
"GT,Silver,Metallic","67,518",2439.3,911 Carrera S,"$38,900",2007
Black,"59,462",2565.6,911 Targa 4 GTS,"$115,900",2016
Black,Not,2431.0,911 Turbo ,Not Listed,2004
"Arctic,Silver,Metallic","57,408",1623.4,911 Carrera S,"$33,990",2006
"Rhodium,Silver,Metallic","35,870",2127.3,911 Carrera S,"$87,900",2016
"Guards,Red","74,400",722.8,911 Targa 4S,"$45,000",2008
Black,"110,887",1497.4,911 Carrera S,"$24,850",2005
Black,"47,856",391.9,911 Carrera,"$37,900",2005
"Slate,Gray,Metallic","57,415",756.7,911 Carrera 4,"$25,499",2004
"Agate,Grey,Metallic","36,000",2422.0,911 Carrera 4S,"$76,488",2014
"Carrara,White,Metallic",Not,643.3,911 Carrera S,"$98,500",2015
"Jet,Black,Metallic",Not,643.3,911 Turbo,"$140,500",2015
Black,Not,643.3,911 Carrera,"$85,788",2016
"GT,Silver,Metallic","94,770",1095.6,911 Turbo,"$60,000",2007
White,"32,516",2565.6,911 Carrera GTS,Not Listed,2015
"Carrara,White","29,597",2127.3,911 Carrera S,"$78,900",2011
"Black,Metallic","57,127",1062.7,911 Carrera,Not Listed,1999
White,"36,750",2439.3,911 Targa 4,"$89,999",2015
"Speed,Yellow","28,756",2392.9,911 Carrera,"$29,950",1999
"Meteor,Grey,Metallic","72,165",2398.0,911 Carrera S,Not Listed,2007
"Slate,Grey,Metallic","43,462",745.7,911 Turbo,"$46,899",2002
"Agate,Grey,Metallic","71,629",2435.9,911 Carrera 4S,"$65,000",2013
"Zenith,Blue,Metallic","70,100",2450.8,911 Carrera 4,"$15,988",2000
"Guards,Red",Not,1073.1,911 Carrera,"$78,995",2016
"Carrara,White","29,499",2392.9,911 Carrera GTS,"$74,950",2012
"Arctic,Silver,Metallic","61,811",739.7,911 Carrera,"$26,499",2004
"Anthracite,Brown,Metallic","31,465",1582.3,911 Carrera S,"$83,755",2015
"Arctic,Silver,Metallic","35,607",2441.2,911 Carrera,"$39,888",2005
Black,"71,147",730.2,911 Carrera,"$34,950",2005
"Guards,Red","34,893",184.3,911 Carrera 4,"$52,498",2012
White,"27,331",2560.8,911 Carrera,"$78,589",2016
Black,"35,300",26.4,911 Targa,"$29,990",2003
"Arctic,Silver,Metallic","76,076",2459.3,911 Targa,"$23,991",2002
"Midnight,Blue,Metallic","30,752",1629.5,911 Carrera S,"$53,498",2009
Black,Not,749.0,911 Carrera 4S,"$43,999",2007
Black,"27,117",3337.7,911 Carrera 4S,"$79,991",2013
"Arctic,Silver,Metallic","49,284",486.9,911 Carrera,Not Listed,2006
"Black,Metallic","87,859",4959.2,911 Carrera,"$16,900",1999
"Rhodium,Silver,Metallic","24,927",2235.8,911 Carrera,"$67,899",2014
"Zanzibar,Red","43,154",760.4,911 Carrera 4,"$24,999",2001
Black,"32,948",738.3,911 Carrera,"$50,800",2010
"Arctic,Silver,Metallic","80,177",4959.2,911 Carrera ,"$27,900",2004
White,"31,933",22.1,911 Carrera S,"$72,885",2013
Black,"27,068",519.2,911 Carrera GTS,"$59,950",2012
"Basalt,Black,Metallic","35,804",486.9,911 Turbo,Not Listed,2007
"GT,Silver,Metallic","81,564",2449.2,911 Turbo,"$58,888",2007
"Midnight,Blue,Metallic","69,937",2454.3,911 Carrera 4S,"$38,900",2006
"Black,Metallic","82,236",2450.6,911 Carrera,"$15,885",2000
"Arctic,Silver,Metallic","26,502",490.0,911 Carrera 4,"$34,995",2006
"Arctic,Silver,Metallic","121,626",2454.3,911 Carrera S,"$25,900",2005
"Polar,Silver,Metallic","88,049",2461.0,911 Carrera,"$21,995",2002
Black,"61,659",2497.0,911 Targa 4,"$77,900",2017
"Guards,Red",Not,2481.2,911 Carrera S,"$69,979",2012
"Guards,Red","41,539",529.2,911 Turbo,"$55,997",2004
"Meteor,Grey,Metallic","54,737",470.3,911 Turbo,"$89,900",2011
"Rhodium,Silver,Metallic","29,056",1078.6,911 Carrera GTS,"$99,995",2015
"Guards,Red","57,647",2439.3,911 Carrera,"$31,900",2005
Black,"56,179",2397.4,911 Turbo,"$48,989",2001
White,"25,061",48.5,911 Carrera S,"$84,990",2014
"Arctic,Silver,Metallic","81,444",2392.9,911 Carrera 4,"$37,950",2006
"Guards,Red","87,789",2392.9,911 Carrera 4S,"$33,950",2004
"Polar,Silver,Metallic","46,721",221.4,911 GT3,"$51,000",2004
Black,"22,812",2424.6,911 Carrera S,"$71,988",2011
"Dark,Blue,Metallic","18,892",1582.3,911 Targa 4S,"$111,995",2015
"Arctic,Silver,Metallic","72,338",1581.6,911 Carrera 4S,"$25,555",2002
"GT,Silver,Metallic","15,670",2424.9,911 Turbo S,"$169,995",2017
"Carrara,White","63,730",1624.1,911 Carrera 4S,"$53,900",2012
"Jet,Black,Metallic","20,169",1050.6,911 Carrera 4,"$88,865",2015
"Carrara,White","46,966",2441.8,911 Carrera 4S,"$44,885",2008
"Black,Metallic","54,552",1579.2,911 Carrera,"$20,995",1999
"Guards,Red","22,463",742.7,911 Carrera S,Not Listed,2013
White,Not,82.8,911 Carrera 4S,"$138,690",2019
"Sapphire,Blue,Metallic","21,561",393.6,911 Carrera,"$92,991",2017
"Speed,Yellow","39,966",2439.3,911 Turbo,"$79,900",2007
"Guards,Red","57,820",105.2,911 Carrera,"$23,995",1999
"Arctic,Silver,Metallic","55,464",2565.9,911 Carrera 4S,"$36,900",2006
Meridian,"70,452",1058.2,911 Carrera 4,"$22,900",2001
"Arctic,Silver,Metallic","62,370",1095.4,911 Carrera,"$35,997",2005
Black,"29,609",1380.4,911 Carrera,"$62,900",2013
Black,"111,564",2403.0,911 Carrera 4,"$28,755",2007
Black,"67,624",744.8,911 Carrera S,"$39,990",2007
Black,Not,733.8,911 Carrera S,"$111,555",2017
"Aqua,Blue,Metallic","48,200",1094.1,911 Carrera,"$52,800",2012
"Wimbledon,Green,Metallic","53,174",752.0,911 Carrera,"$17,499",1999
"Meteor,Grey,Metallic","18,882",498.1,911 Turbo,"$91,599",2010
"Guards,Red","61,233",213.9,911 Carrera S,"$47,995",2009
"Atlas,Grey,Metallic","38,073",1621.4,911 Carrera 4S,"$46,988",2006
"Guards,Red","14,419",2533.6,911 GT3,"$121,990",2014
"Guards,Red","10,953",2533.6,911 Carrera 4S,"$110,568",2016
Black,"39,822",1049.7,911 Turbo,"$69,995",2007
Black,"41,916",722.0,911 Turbo,"$43,995",2003
"Basalt,Black,Metallic","17,818",203.2,911 Carrera 4S,"$79,975",2014
"Guards,Red","20,184",2400.8,911 Targa 4,"$46,880",2007
"Midnight,Blue,Metallic","40,015",2442.4,911 Carrera,"$39,995",2009
"GT,Silver,Metallic","1,004",2235.8,911 GT2 RS,"$379,998",2018
"Miami,Blue",733,2235.8,911 GT3,"$176,997",2018
White,"1,862",2235.8,911 Carrera S,"$123,998",2019
"Guards,Red","3,512",2235.8,911 Carrera,"$99,899",2018
Chalk,"9,817",1967.8,911 Targa 4 GTS,"$154,981",2018
"Arctic,Silver,Metallic","143,711",2397.4,911 Carrera,"$13,985",1999
White,283,2127.3,911 GT3 RS,"$243,900",2019
"GT,Silver,Metallic",185,2127.3,911 GT2 RS,"$429,900",2018
Black,263,2533.6,911 GT2 RS,Not Listed,2018
"Lizard,Green",690,2454.1,911 GT3 RS,Not Listed,2019
White,"15,403",26.0,911 Turbo S,"$138,400",2015
"GT,Silver,Metallic","61,167",2453.4,911 Carrera,"$35,227",2006
Black,"29,947",2392.9,911 Carrera S,"$105,950",2016
White,"3,799",1967.8,911 GT3,"$183,981",2018
White,341,1967.8,911 GT3 RS,"$269,985",2019
Black,"13,991",483.7,911 Carrera 4S,"$89,990",2015
"GT,Silver,Metallic","29,562",1021.3,911 Carrera 4,"$49,995",2006
"Rhodium,Silver,Metallic","12,607",561.1,911 Carrera 4S,"$93,490",2015
"Rhodium,Silver,Metallic","10,850",1050.6,911 Carrera,"$89,888",2018
White,"10,710",1078.8,911 GT3 RS,"$186,695",2016
"Carrara,White,Metallic","5,019",1582.3,911 Carrera S,"$110,397",2017
"Sapphire,Blue,Metallic","15,828",642.3,911 Carrera GTS,"$106,498",2017
Black,"32,764",1425.3,911 Turbo,"$83,999",2012
"Carrara,White,Metallic","4,786",1624.1,911 Turbo S,"$149,900",2015
Black,"46,488",872.6,911 Carrera,"$54,997",2013
Black,"14,625",32.4,911 Turbo S,"$139,900",2015
"Guards,Red","13,634",742.7,911 Carrera 4 GTS,"$120,957",2018
Black,"44,270",68.1,911 Carrera,"$22,995",2001
"Black,Metallic","125,000",1318.1,911 Carrera,"$16,995",1999
Black,"14,192",725.8,911 Carrera 4S,Not Listed,2016
"Night,Blue,Metallic","14,370",483.7,911 Carrera 4,"$89,493",2017
Black,"14,609",2453.3,911 Carrera S,"$74,995",2013
"Jet,Black,Metallic","12,482",393.6,911 Carrera,"$86,991",2017
"GT,Silver,Metallic","27,789",2439.3,911 GT3,"$88,900",2007
"GT,Silver,Metallic","36,089",300.6,911 Carrera S,"$58,999",2007
Black,"45,176",744.8,911 Carrera,"$33,500",2005
"Basalt,Black,Metallic","46,870",2225.1,911 Carrera,"$47,998",2011
"Slate,Gray","73,384",2494.2,911 Turbo,"$46,987",2001
"Agate,Grey,Metallic","12,886",1103.4,911 Turbo,"$139,998",2015
Black,"24,685",24.6,911 Turbo,"$99,950",2009
"GT,Silver,Metallic","13,100",167.2,911 Turbo S,"$138,990",2015
Black,"38,833",68.1,911 Carrera,"$43,999",2009
"Meteor,Grey,Metallic","34,300",640.4,911 Carrera 4S,"$61,990",2012
Black,"17,556",835.9,911 Carrera,"$67,990",2013
White,"9,112",1516.5,911 GT3,"$130,915",2015
"Jet,Black,Metallic","12,031",26.0,911 Turbo,"$175,000",2017
"GT,Silver,Metallic","10,730",732.1,911 Carrera 4,"$109,980",2019
White,"12,050",92.3,911 Carrera S,"$102,798",2017
Black,"35,000",393.8,911 Carrera S,"$71,865",2013
"Agate,Grey,Metallic","33,071",1080.1,911 Carrera S,"$68,500",2013
"Night,Blue,Metallic","9,621",1022.2,911 Carrera,"$91,990",2017
"Guards,Red","35,578",100.8,911 Carrera S,"$49,980",2012
Black,"4,563",1380.5,911 Carrera S,"$84,888",2013
Black,"26,770",2459.5,911 Carrera S,"$78,888",2011
Black,"27,511",2421.6,911 Carrera 4S,"$106,990",2017
Black,"51,900",1372.6,911 Carrera,"$48,998",2012
White,"4,247",2533.9,911 GT2 RS,"$359,950",2018
"Rhodium,Silver,Metallic","2,353",2564.8,911 GT3,"$135,991",2015
Black,"9,874",203.3,911 Turbo S,"$179,981",2017
"Guards,Red","53,108",1261.5,911 Carrera,"$24,999",2001
"Agate,Grey,Metallic","10,081",32.4,911 Carrera,"$92,100",2017
"Guards,Red","4,115",946.6,911 Carrera S,"$92,588",2014
"Miami,Blue",408,946.8,911 Carrera,"$105,900",2018
"Dark,Blue,Metallic","3,555",946.8,911 GT3,"$139,900",2015
Black,"33,302",420.1,911 Targa 4,"$47,988",2008
"Lapis,Blue,Metallic","17,364",1103.4,911 Carrera 4,"$117,820",2002
"Zenith,Blue,Metallic","40,149",2422.0,911 Carrera,"$22,888",2000
"Seal,Gray,Metallic","33,815",24.9,911 Carrera 4S,"$39,996",2004
Black,"2,456",1020.5,911 GT2 RS,"$374,990",2018
"Racing,Yellow",889,1020.5,911 Carrera T,"$104,440",2018
Black,"8,784",732.1,911 Carrera 4S,"$99,950",2016
"Black,Metallic","72,546",740.7,911 Carrera,"$20,000",1999
Black,"16,962",1418.7,911 Carrera 4S,"$46,988",2006
"Racing,Yellow","1,977",732.1,911 GT3,"$175,950",2018
"GT,Silver,Metallic",20,732.1,911 GT2 RS,"$349,950",2018
"Guards,Red","1,013",732.1,911 GT2 RS,"$349,950",2018
Black,220,732.1,911 GT2 RS,"$349,950",2018
White,341,732.1,911 GT3 RS,"$215,950",2019
"Lizard,Green",20,732.1,911 GT3 RS,"$259,950",2019
"GT,Silver,Metallic","2,327",738.3,911 GT3 RS,"$192,995",2016
"Black,Metallic","58,456",4959.2,911 Carrera,"$18,900",2000
"Rhodium,Silver,Metallic","9,094",85.1,911 Turbo,"$144,900",2015
"Lapis,Blue,Metallic","76,425",668.5,911 Carrera,"$34,319",2006
"GT,Silver,Metallic","4,310",418.1,911 Carrera S,"$97,485",2015
Black,"7,135",167.2,911 Carrera,"$76,990",2015
Chalk,"5,410",418.1,911 Carrera,"$99,899",2018
White,10,188.2,911 GT3 RS,"$244,999",2019
"GT,Silver,Metallic","2,587",1079.4,911 GT3 RS,"$169,900",2016
"Arctic,Silver,Metallic","29,836",408.5,911 Carrera,Not Listed,2002
"Agate,Grey,Metallic","6,694",32.4,911 Carrera S,"$112,195",2018
"Carmine,Red","3,465",313.4,911 GT3,"$177,885",2018
"Arctic,Silver,Metallic","12,157",700.5,911 Carrera S,"$49,000",2006
"Macadamia,Metallic","7,134",1022.7,911 Turbo,"$86,997",2008
"Carrara,White,Metallic","1,620",1103.4,911 Carrera S,"$96,998",2015
"Sapphire,Blue,Metallic","13,521",1078.6,911 Turbo,"$169,863",2017
"Racing,Yellow","7,024",26.0,911 Carrera S,"$89,900",2014
"Racing,Yellow",651,393.6,911 Carrera S,"$101,991",2015
"GT,Silver,Metallic",316,48.5,911 GT3,"$201,000",2018
"GT,Silver,Metallic","3,501",48.5,911 GT3 RS,"$192,500",2016
Chalk,900,48.5,911 GT3 RS,"$215,000",2019
"Midnight,Blue,Metallic","62,255",1047.9,911 Carrera S,"$39,800",2005
"Guards,Red","41,137",2567.8,911 Carrera S,"$105,981",2017
"Carrara,White,Metallic","10,801",2130.5,911 Carrera S,"$91,999",2016
"Lapis,Blue,Metallic","54,496",2438.3,911 Carrera 4S,"$28,000",2002
"Polar,Silver,Metallic","83,686",1367.9,911 Carrera,"$27,988",2003
Black,"11,572",0.6,911 Turbo S,"$169,995",2017
"Lapis,Blue,Metallic","41,298",393.1,911 Turbo,"$77,985",2007
Black,"5,530",2400.8,911 Turbo S,"$138,880",2016
Black,"23,894",2461.3,911 Carrera 4S,"$88,888",2014
"Arctic,Silver,Metallic","62,123",1629.7,911 Carrera,"$18,686",2000
White,"17,244",872.6,911 Turbo,"$124,997",2014
White,"4,815",738.3,911 Carrera S,Not Listed,2015
Black,"15,260",68.9,911 Carrera,"$79,991",2015
"Arctic,Silver,Metallic","41,181",2441.5,911 Turbo,"$54,980",2003
"Midnight,Blue",Not,1629.7,911 Carrera,"$22,686",2001
"GT,Silver,Metallic","5,246",781.5,911 GT3 RS,Not Listed,2016
Black,"5,994",2448.2,911 Carrera,"$109,898",2018
"Jet,Black,Metallic","8,111",79.9,911 Carrera,"$86,995",2017
"Arctic,Silver,Metallic","30,232",128.4,911 Turbo,"$74,591",2008
"Black,Metallic","36,124",2540.2,911 Carrera,"$23,990",1999
Black,"22,671",2454.3,911 Carrera,"$77,900",2017
White,"13,771",48.6,911 Targa 4S,"$116,995",2015
"Guards,Red","6,945",176.6,911 Turbo S,"$134,900",2015
White,"22,792",2458.1,911 Carrera S,"$68,995",2013
"Guards,Red","22,859",2439.3,911 Carrera 4S,"$78,900",2013
Chalk,"2,434",79.9,911 Carrera 4 GTS,"$139,995",2019
"Arctic,Silver,Metallic","29,349",456.0,911 Carrera ,"$36,900",2004
"Arctic,Silver,Metallic","45,839",192.8,911 Turbo S,"$62,999",2005
Black,"41,342",956.7,911 Carrera,"$51,998",2012
"Atlas,Grey,Metallic","20,450",1634.7,911 Turbo,"$94,000",2008
White,"1,804",767.9,911 Carrera S,"$105,571",2019
"GT,Silver,Metallic","2,771",767.9,911 Turbo S,"$188,571",2019
"Carmine,Red","18,311",1192.7,911 Carrera,Not Listed,2017
"Meteor,Grey,Metallic","28,625",24.9,911 Carrera,"$53,997",2010
"Basalt,Black,Metallic","9,750",745.0,911 Turbo,"$79,899",2009
"Slate,Grey,Metallic","25,880",1391.4,911 Turbo,"$55,000",2003
"Slate,Gray,Metallic","60,460",980.5,911 Carrera ,"$27,999",2004
White,"28,088",2457.2,911 Carrera,"$85,998",2017
White,"16,477",26.5,911 Carrera S,"$78,995",2014
"GT,Silver,Metallic","13,114",48.6,911 Carrera 4S,"$124,900",2017
Black,"28,858",213.6,911 Turbo,"$88,499",2007
"Midnight,Blue,Metallic","36,805",2445.4,911 Carrera 4S,"$35,897",2004
White,"36,481",2567.8,911 Carrera GTS,"$99,888",2016
"Arctic,Silver,Metallic","29,129",24.9,911 Carrera 4S,"$61,997",2009
Black,"47,795",2446.5,911 Carrera S,"$49,990",2009
White,"27,963",2235.8,911 Turbo,"$134,899",2017
"Black,Metallic","49,979",210.8,911 Carrera,"$28,500",2000
"Arctic,Silver,Metallic","114,558",253.7,911 Carrera,"$15,850",2000
"Slate,Grey,Metallic","26,212",827.1,911 Carrera,"$44,900",2006
"Slate,Grey,Metallic","41,121",1629.5,911 Carrera ,"$27,998",2003
"Rhodium,Silver,Metallic","35,183",767.9,911 Turbo S,"$120,571",2015
Black,"4,984",1085.4,911 Targa 4S,"$140,000",2018
Black,"67,475",410.7,911 Carrera 4,"$22,615",2001
"GT,Silver,Metallic","45,467",1172.6,911 Carrera,"$30,897",2004
Black,"27,367",213.6,911 Carrera S,"$64,988",2009
Black,"31,197",2541.9,911 Carrera Black Edition,"$70,500",2016
"Agate,Grey,Metallic","11,096",68.9,911 Targa 4S,"$115,991",2016
Black,"37,019",730.5,911 Carrera 4S,"$46,483",2008
"Slate,Grey,Metallic","88,975",554.7,911 Carrera 4S,"$27,995",2002
"Carrara,White","26,724",768.5,911 Turbo,"$72,585",2008
"Carrara,White,Metallic","29,533",1050.6,911 Carrera GTS,"$96,865",2016
Black,"27,161",946.8,911 Carrera S,"$75,900",2014
Black,"14,219",2445.8,911 Carrera 4S,"$90,500",2014
"Agate,Grey,Metallic","19,920",2439.3,911 Carrera 4S,"$79,999",2014
Chalk,"4,265",643.8,911 Carrera GTS,"$128,990",2018
"Racing,Yellow","3,429",643.8,911 GT3,"$172,990",2018
"Lava,Orange",249,643.8,911 GT3 RS,"$195,000",2016
Ultraviolet,"5,307",643.8,911 GT3 RS,"$184,990",2016
Black,"25,618",209.7,911 Carrera S,"$55,295",2009
"Rhodium,Silver,Metallic","6,137",209.7,911 GT3,"$152,500",2016
"Basalt,Black,Metallic","36,101",188.2,911 Carrera,"$57,777",2014
"Rhodium,Silver,Metallic","34,778",1050.6,911 Turbo S,"$122,865",2015
"Jet,Black,Metallic","3,202",1103.4,911 Carrera 4S,"$150,305",2017
"Amaranth,Red,Metallic","4,767",1103.4,911 Carrera S,"$128,480",2014
"Meteor,Grey,Metallic","43,404",164.2,911 Turbo,"$75,911",2008
Black,"51,198",18.5,911 Carrera,"$28,000",2002
"Black,Metallic","30,907",728.7,911 Carrera,"$16,000",1999
Black,"24,171",738.3,911 Carrera S,"$65,800",2012
Black,"23,706",872.6,911 Carrera,"$59,997",2013
"Agate,Grey,Metallic","23,101",1634.7,911 Turbo,"$114,000",2014
"Grey,Black","25,218",184.7,911 GT3 RS,"$159,990",2010
"GT,Silver,Metallic","2,849",9.1,911 GT3 RS,"$179,888",2016
Black,"64,800",612.2,911 Carrera 4S,"$32,900",2004
Black,"19,060",2461.3,911 Carrera S,"$103,993",2017
White,"3,432",16.3,911 GT3,"$128,995",2014
"Agate,Grey,Metallic","10,822",542.2,911 Carrera,"$85,599",2017
Black,"2,792",48.6,911 Carrera 4S,"$117,395",2017
"Night,Blue,Metallic","5,138",48.6,911 Carrera S,"$115,000",2017
"Rhodium,Silver,Metallic","19,448",728.7,911 Carrera 4S,"$86,699",2014
Black,"21,115",0.9,911 Targa 4,"$101,595",2016
White,"26,016",26.0,911 Carrera 4S,"$86,000",2015
White,"3,446",209.7,911 Turbo S,"$156,333",2016
White,"2,501",68.9,911 Carrera,"$125,991",2019
"Carrara,White,Metallic","3,301",68.9,911 Turbo,"$149,991",2016
"Lava,Orange","5,540",209.7,911 GT3,"$171,775",2018
"GT,Silver,Metallic","51,350",124.4,911 Carrera S,"$39,750",2007
"Racing,Yellow","19,739",1367.7,911 Carrera 4S,"$81,995",2013
"Meteor,Grey,Metallic","24,410",24.9,911 Carrera S,"$63,997",2009
"Arctic,Silver,Metallic","58,879",317.6,911 Carrera,"$21,900",1999
White,"16,943",2511.1,911 Carrera 4,"$68,000",2014
"Guards,Red","33,764",1631.5,911 Carrera S,"$66,987",2012
"Lapis,Blue","51,630",223.4,911 Carrera 4,"$22,933",2001
"Guards,Red","28,039",173.6,911 Carrera S,Not Listed,2007
White,"17,096",2555.6,911 Turbo,"$126,000",2016
"Basalt,Black,Metallic","30,191",2441.5,911 Carrera S,"$69,980",2012
White,"14,238",1401.1,911 Carrera,"$83,880",2017
"Guards,Red","14,495",742.7,911 Carrera GTS,"$119,995",2018
"Carrara,White","18,851",2132.0,911 GT3 RS,"$159,901",2011
Black,"22,639",1007.4,911 Carrera ,"$34,950",2003
"Jet,Black,Metallic","30,419",167.2,911 Carrera 4 GTS,"$97,990",2015
"Racing,Yellow","28,466",32.4,911 Carrera 4S,"$79,900",2014
"Guards,Red","17,800",2439.3,911 Carrera S,"$104,900",2015
"Rhodium,Silver,Metallic","18,425",2439.0,911 Carrera,"$94,900",2017
"Rhodium,Silver,Metallic","17,426",246.7,911 Turbo S,"$127,950",2014
"Platinum,Silver,Metallic","37,000",737.8,911 Carrera,"$51,991",2012
"Rhodium,Silver,Metallic","28,757",1078.6,911 Carrera 4S,"$83,611",2014
"GT,Silver,Metallic","16,288",22.1,911 Carrera GTS,"$119,900",2018
"Arctic,Silver,Metallic","64,435",2392.9,911 Carrera 4,"$23,950",2002
Black,"56,856",969.6,911 Carrera 4,"$23,993",2001
Black,"32,044",224.2,911 Carrera S,"$69,890",2013
Black,"40,133",943.2,911 Turbo S,"$93,990",2011
Black,"21,953",2457.2,911 Carrera,"$56,998",2011
White,"42,490",1017.2,911 Turbo S,"$109,995",2014
"Agate,Grey,Metallic","30,613",0.6,911 Carrera 4S,"$76,995",2013
"Dark,Blue,Metallic","21,325",935.0,911 Carrera,"$63,897",2013
Black,"16,138",2394.2,911 50th Anniversary Edition,"$118,988",2014
"Meteor,Grey,Metallic","21,793",1051.9,911 Carrera,Not Listed,2009
"Arctic,Silver,Metallic","85,323",58.8,911 Carrera 4S,"$27,495",2004
"Dark,Blue,Metallic","21,575",1021.9,911 Carrera 4S,"$85,995",2015
"Meteor,Grey,Metallic","27,603",1413.3,911 GT3,"$125,997",2010
"Arctic,Silver,Metallic","36,002",29.5,911 Carrera S,"$44,900",2005
"Jet,Black,Metallic","22,000",1368.0,911 Turbo,"$137,777",2016
"GT,Silver,Metallic","17,114",82.8,911 Carrera S,"$99,495",2017
White,"20,262",33.8,911 Carrera,"$75,889",2014
"Lava,Orange","13,538",2473.7,911 Carrera S,"$129,898",2017
"Midnight,Blue,Metallic","33,645",1047.4,911 Carrera S,"$54,999",2009
"Platinum,Silver,Metallic","15,200",2439.3,911 Carrera 4 GTS,"$69,900",2012
"Dark,Blue,Metallic","21,502",1401.1,911 Carrera S,"$82,880",2014
Black,"49,083",117.7,911 Carrera S,"$49,997",2008
"Basalt,Black,Metallic","48,946",641.3,911 Turbo,"$68,995",2008
White,"14,439",2438.1,911 Carrera GTS,"$108,888",2015
Black,"18,765",1061.3,911 Carrera S,"$49,800",2007
"Jet,Black,Metallic","32,122",2566.0,911 Carrera Black Edition,"$73,988",2016
"Jet,Black,Metallic","13,325",2448.3,911 Carrera 4,"$74,495",2016
White,"18,800",1097.9,911 Turbo,"$129,800",2015
"Glacier,White","36,689",612.2,911 Carrera,"$29,900",2000
"Atlas,Grey,Metallic","26,389",2441.5,911 Carrera,"$43,980",2007
"Jet,Black,Metallic","40,288",13.9,911 Carrera Black Edition,"$65,900",2016
"Guards,Red","10,323",1146.2,911 GT3,"$129,950",2014
White,"48,166",414.3,911 Turbo S,"$109,591",2014
Black,"33,281",737.8,911 Turbo,"$89,994",2011
"Arctic,Silver,Metallic","19,780",827.1,911 GT3,"$134,900",2007
Black,"19,155",1095.6,911 Carrera S,"$72,000",2012
Black,"5,945",1438.3,911 Carrera,"$89,981",2018
"Carrara,White","15,000",2231.5,911 Carrera 4S,Not Listed,2002
"Seal,Grey,Metallic","47,839",1624.1,911 Carrera S,"$42,000",2006
Black,"30,650",2456.7,911 Turbo,"$126,980",2015
White,"24,432",1371.9,911 Carrera,"$69,900",2015
"Seal,Grey,Metallic","32,591",1096.3,911 Carrera,"$44,900",2006
"Rhodium,Silver,Metallic","10,199",2473.7,911 Targa 4 GTS,"$129,898",2016
"Slate,Grey,Metallic","48,911",187.4,911 Carrera S,"$39,730",2006
Black,"10,845",2459.5,911 Carrera GTS,"$116,888",2017
"Platinum,Silver,Metallic","18,122",13.5,911 Carrera,"$69,975",2013
Black,"39,127",1005.2,911 Carrera S,"$43,224",2006
Black,"28,000",1406.5,911 Carrera 4 GTS,"$74,990",2012
"Carrara,White","35,065",1049.7,911 Carrera S,"$59,990",2011
"Racing,Yellow","31,098",2400.8,911 Carrera 4S,"$74,880",2013
"Lava,Orange","18,568",764.9,911 Carrera GTS,"$105,900",2016
Black,"70,195",2451.8,911 Carrera S,"$56,920",2013
White,"19,465",0.9,911 Turbo S,"$125,995",2014
"Arctic,Silver,Metallic","11,578",2454.1,911 GT3,"$104,996",2004
"Arctic,Silver,Metallic","94,310",205.4,911 Carrera,"$16,900",1999
White,"9,927",2473.7,911 Carrera,"$112,763",2018
"Jet,Black,Metallic","11,991",2461.3,911 Carrera 4S,"$124,991",2017
Black,"12,256",2425.3,911 Turbo S,"$114,888",2012
"GT,Silver,Metallic","19,581",100.5,911 Carrera S,"$84,900",2015
"Basalt,Black,Metallic","29,547",1380.4,911 Carrera S,"$75,900",2014
White,"37,038",1031.6,911 Carrera S,"$77,777",2014
"Atlas,Grey,Metallic","37,857",879.9,911 Turbo S,"$59,950",2005
"Midnight,Blue,Metallic","37,185",1352.2,911 Carrera S,"$45,236",2008
Black,"42,787",2392.9,911 Turbo ,"$49,988",2004
"Atlas,Grey,Metallic","46,165",168.9,911 Carrera,"$34,995",2005
White,"11,919",2393.0,911 Carrera 4S,"$85,702",2014
White,"22,526",729.9,911 GT3,"$125,876",2014
"Guards,Red","8,565",313.3,911 Targa 4S,Not Listed,2014
"Forest,Green,Metallic","9,078",2441.8,911 GT3,"$259,888",2007
Black,"18,297",1095.6,911 Carrera,"$73,000",2015
White,"38,466",184.3,911 Carrera 4,"$64,998",2013
"Jet,Black,Metallic","42,898",737.9,911 Carrera 4S,"$79,995",2016
"Miami,Blue","17,960",1000.0,911 Carrera S,"$99,990",2017
"Rhodium,Silver,Metallic","27,310",2456.7,911 Carrera S,"$79,980",2014
Black,"38,461",8.9,911 Carrera S,"$59,995",2012
Ultraviolet,"2,915",2559.5,911 GT3 RS,"$184,991",2016
Black,"17,291",393.9,911 Turbo,"$92,900",2010
Black,"6,755",2454.1,911 GT2,"$205,997",2008
"Guards,Red","9,066",2439.0,911 Carrera S,"$119,888",2018
White,"19,285",2402.8,911 Targa 4S,Not Listed,2017
Black,"48,864",2439.3,911 Carrera,"$43,999",2009
"Lava,Orange","15,577",1050.6,911 Turbo S,"$141,888",2016
"Seal,Grey,Metallic","31,872",612.2,911 Turbo ,"$56,900",2005
Black,"6,803",2461.3,911 Turbo S,"$188,888",2017
"Basalt,Black,Metallic","27,401",721.4,911 Carrera 4S,"$58,900",2011
"Graphite,Blue,Metallic","6,961",2461.3,911 Carrera S,"$121,111",2018
"Graphite,Blue,Metallic","4,261",0.6,911 Carrera S,"$110,995",2017
"Carrara,White,Metallic","4,409",2359.5,911 Turbo S,"$179,990",2018
"Rhodium,Silver,Metallic","58,868",2439.3,911 Carrera S,"$66,900",2014
White,"14,930",82.8,911 GT3 RS,"$171,995",2016
"Ocean,Blue,Metallic","51,068",1808.2,911 Carrera,"$19,912",2000
"GT,Silver,Metallic","3,287",2461.3,911 Carrera GTS,"$136,991",2018
Chalk,845,2461.3,911 Carrera GTS,"$154,991",2018
Black,"4,585",2461.3,911 Turbo,"$169,991",2018
"Rhodium,Silver,Metallic","4,797",2461.3,911 Turbo,"$187,777",2018
"Lizard,Green",562,2461.3,911 GT3 RS,"$246,666",2019
Black,"2,810",2461.3,911 Carrera,"$109,991",2019
"Guards,Red",888,2461.3,911 GT3,"$186,666",2018
"Carrara,White,Metallic",470,2461.3,911 Turbo S,"$207,777",2019
Black,"24,743",1078.6,911 Carrera,"$89,995",2018
"Grey,Black","6,309",2441.8,911 GT3 RS,"$179,888",2010
"Rhodium,Silver,Metallic","38,068",2424.9,911 Turbo,"$119,995",2016
Black,"33,838",2456.7,911 Turbo S,"$92,980",2012
White,"28,483",721.4,911 Turbo,"$129,900",2014
White,"22,733",2441.5,911 Carrera S,"$79,970",2015
White,"3,051",2235.8,911 Carrera S,"$115,994",2018
"Guards,Red","1,893",2235.8,911 Carrera T,"$103,993",2019
"Carrara,White,Metallic","16,477",85.1,911 Turbo,"$145,900",2017
"Basalt,Black,Metallic","16,310",0.9,911 Carrera 4S,"$66,995",2010
"Carrara,White,Metallic","13,855",1067.3,911 Turbo,"$149,500",2017
"Carrara,White,Metallic","24,145",48.5,911 Carrera 4S,"$106,500",2017
"Arctic,Silver,Metallic","28,405",103.9,911 Carrera,"$38,990",2005
"Midnight,Blue,Metallic","76,232",103.6,911 Carrera S,"$37,999",2008
"Forest,Green,Metallic","49,359",80.4,911 Carrera,"$34,987",2007
White,"31,713",223.4,911 Carrera S,"$76,900",2014
Chalk,95,2567.8,911 GT3,"$189,981",2018
"Basalt,Black,Metallic","22,010",2441.5,911 Carrera,"$59,980",2012
Black,"37,539",1426.3,911 Turbo,"$64,850",2007
White,"9,878",2440.1,911 GT3,"$124,900",2014
White,"18,425",2425.1,911 Carrera GTS,"$95,998",2016
"Carmine,Red,Metallic","27,034",1582.3,911 Targa 4 GTS,"$114,500",2016
Black,"25,713",2566.0,911 Turbo,"$68,988",2008
Black,"13,581",640.3,911 Turbo,"$69,495",2007
White,"13,593",203.3,911 GT3,"$129,981",2015
"Guards,Red","3,900",2560.8,911 GT3,"$175,489",2018
"Agate,Grey,Metallic","53,709",1515.7,911 Carrera 4S,"$64,998",2013
Black,"41,671",738.3,911 Carrera S,"$73,800",2015
"Platinum,Silver,Metallic","13,126",117.7,911 GT3 RS,"$169,998",2011
White,"12,568",1049.7,911 Carrera,"$89,990",2017
"Polar,Silver,Metallic","87,173",2545.4,911 Carrera,"$16,996",1999
"GT,Silver,Metallic","13,991",0.9,911 Carrera 4,"$74,995",2015
White,"12,600",1061.0,911 Carrera GTS,"$109,900",2016
"GT,Silver,Metallic","12,548",1097.9,911 Turbo,Not Listed,2007
"Carrara,White,Metallic","21,044",835.9,911 GT3,"$125,990",2015
"Racing,Yellow","12,909",500.9,911 Turbo,"$117,500",2015
"Sapphire,Blue,Metallic","2,118",2560.8,911 GT3,"$179,489",2018
"Carrara,White,Metallic","5,214",0.9,911 Carrera,"$109,995",2018
Black,"13,554",1391.6,911 Carrera,"$76,982",2016
"Meteor,Grey,Metallic","12,806",48.6,911 Carrera,"$56,900",2011
"Carrara,White,Metallic","3,748",1634.7,911 GT3,"$175,000",2018
"GT,Silver,Metallic","11,134",759.3,911 GT3,"$114,591",2014
"Jet,Black,Metallic","2,412",0.9,911 Carrera 4S,"$120,995",2017
"Lava,Orange",32,82.8,911 GT2 RS,"$374,895",2018
"Agate,Grey,Metallic","3,955",85.0,911 Carrera 4S,"$127,900",2017
White,"13,202",48.5,911 Carrera 4S,"$106,590",2017
"Seal,Grey,Metallic","57,126",454.6,911 Carrera,"$23,766",2002
"GT,Silver,Metallic","15,583",1401.1,911 Carrera GTS,"$119,880",2018
Chalk,849,2544.4,911 GT2 RS,"$369,988",2018
"GT,Silver,Metallic","11,669",1020.5,911 GT3 RS,"$175,440",2016
"Agate,Grey,Metallic","29,940",2461.3,911 Carrera,"$74,994",2016
White,"38,181",26.1,911 Carrera 4S,"$92,995",2016
"Agate,Grey,Metallic","47,331",2439.3,911 Carrera,"$61,900",2016
"GT,Silver,Metallic","23,194",721.4,911 Turbo,"$116,990",2014
"Racing,Yellow","29,903",2431.0,911 Targa 4S,"$106,880",2016
Black,"27,576",2439.0,911 Carrera,"$88,888",2017
"Carrara,White","11,947",1093.4,911 GT3,"$169,995",2010
Black,"19,093",1413.3,911 Carrera S,"$76,991",2013
Black,"12,735",561.1,911 Turbo,"$77,676",2008
"Miami,Blue","10,998",1049.7,911 Carrera S,"$109,990",2017
"GT,Silver,Metallic","17,181",738.3,911 GT3,"$109,995",2011
"Agate,Grey,Metallic","10,900",1085.0,911 Carrera S,"$89,950",2014
"Arctic,Silver,Metallic","16,446",986.1,911 Turbo,"$93,999",2007
Black,"38,830",175.9,911 Carrera 4S,"$77,995",2014
"Arctic,Silver,Metallic","13,508",24.9,911 Turbo S,"$79,996",2005
"Lava,Orange","5,408",1634.7,911 GT3 RS,"$184,000",2016
Black,"6,084",24.6,911 Carrera S,Not Listed,2017
"Lava,Orange","11,243",872.6,911 GT3 RS,"$167,997",2016
Black,"9,872",1320.6,911 Carrera 4S,"$61,988",2006
White,"13,678",131.9,911 Carrera 4S,"$98,868",2015
Black,"9,546",2533.6,911 Carrera 4S,"$108,900",2017
Black,"3,136",0.6,911 Targa 4 GTS,"$162,995",2019
"Agate,Grey,Metallic",441,0.6,911 Turbo S,"$209,995",2019
Black,"10,861",731.3,911 Carrera S,"$46,991",2007
Black,"64,000",65.3,911 Carrera 4S,"$31,995",2004
"Rhodium,Silver,Metallic","11,980",470.3,911 Carrera,"$74,900",2015
White,"2,437",1330.9,911 GT3,"$159,900",2018
"Agate,Grey,Metallic","4,154",1429.1,911 Turbo,"$127,995",2015
"Jet,Black,Metallic","12,263",0.9,911 Turbo,"$175,995",2017
White,"11,949",561.1,911 GT3,"$119,987",2014
"Seal,Gray,Metallic","91,482",224.2,911 Carrera 4S,"$25,995",2004
White,"9,793",1085.0,911 Carrera S,"$114,950",2017
Black,"22,350",1626.9,911 Carrera,"$27,977",2003
"Basalt,Black,Metallic","40,406",2454.3,911 Carrera,"$58,900",2013
"Graphite,Blue,Metallic","1,374",1506.7,911 GT3,"$169,988",2018
"Carrara,White","32,900",73.2,911 Targa 4,"$54,995",2010
"Lime,Gold,Metallic","13,019",0.9,911 Carrera 4S,"$95,995",2014
Black,"12,801",393.9,911 Carrera 4S,"$49,900",2004
"Agate,Grey,Metallic",586,1060.6,911 GT3,"$189,988",2018
"Midnight,Blue,Metallic","11,506",1022.7,911 Carrera,"$42,997",2005
Black,"32,427",2231.9,911 Carrera 4S,"$79,800",2015
"Rhodium,Silver,Metallic","13,239",224.2,911 GT3,"$124,790",2014
"Jet,Black,Metallic","2,525",1582.3,911 GT3,"$189,455",2018
Black,"11,512",393.9,911 Turbo S,"$109,900",2012
Ultraviolet,"8,722",1061.3,911 GT3 RS,"$169,900",2016
"GT,Silver,Metallic",7,221.5,911 GT3 RS,"$275,000",2019
"Guards,Red","18,328",477.9,911 Carrera,"$84,444",2017
"Night,Blue,Metallic","9,500",958.2,911 Carrera 4,"$78,650",2017
"Carrara,White,Metallic","10,966",0.6,911 Turbo S,"$186,995",2018
"GT,Silver,Metallic","6,375",1582.3,911 Carrera S,"$103,114",2017
"Dark,Blue,Metallic","14,800",1050.6,911 Carrera S,"$85,765",2015
White,"8,720",355.2,911 Carrera,"$74,387",2014
Black,"13,716",0.6,911 Carrera S,"$116,995",2017
"GT,Silver,Metallic","8,315",732.1,911 Carrera GTS,"$122,950",2018
White,"9,089",1093.4,911 GT3,"$139,995",2015
"Jet,Black,Metallic","20,642",926.0,911 Carrera,"$79,991",2016
"Carmine,Red","3,811",1367.8,911 Carrera GTS,"$134,983",2018
Black,"54,159",946.8,911 Carrera ,"$25,900",2004
"Dark,Blue,Metallic","9,500",1061.0,911 Carrera S,"$227,900",2011
"Jet,Black,Metallic","12,427",85.0,911 Carrera,"$77,600",2016
"Lava,Orange",Not,479.7,911 Carrera S,"$82,356",2016
"Carrara,White","18,621",2426.3,911 Carrera 4S,"$69,996",2011
"Polar,Silver,Metallic","47,263",1056.1,911 Carrera ,"$25,900",2003
Black,"22,565",48.5,911 Turbo,"$99,994",2011
White,"34,633",456.0,911 Carrera S,"$79,500",2015
"Miami,Blue",860,1103.4,911 GT3 RS,"$227,998",2019
"Rhodium,Silver,Metallic","33,185",2439.3,911 Carrera S,"$72,900",2014
"Aqua,Blue,Metallic","5,912",1093.4,911 Turbo S,"$119,995",2012
White,"5,665",1101.7,911 Carrera,"$97,579",2017
Black,"49,323",732.1,911 Carrera GTS,"$83,950",2016
"GT,Silver,Metallic","8,912",827.1,911 Carrera T,"$112,900",2019
Black,"29,907",731.6,911 Turbo S,"$65,999",2005
"Jet,Black,Metallic","9,422",738.3,911 GT3,"$133,800",2015
White,"7,233",0.9,911 Carrera S,"$121,500",2017
"Slate,Grey,Metallic","20,204",175.9,911 Carrera S,"$45,995",2006
Black,"6,173",1102.3,911 Turbo,"$159,995",2016
"GT,Silver,Metallic","6,943",717.0,911 Carrera,"$84,990",2017
"Guards,Red","9,653",738.3,911 GT3,"$133,800",2015
Black,"24,369",551.2,911 Carrera,"$36,999",2005
"Carmine,Red","8,967",2235.8,911 Turbo,"$149,998",2017
"Miami,Blue","7,051",1093.4,911 Turbo,"$189,995",2018
"Racing,Yellow","9,205",429.7,911 Carrera T,"$99,890",2019
"GT,Silver,Metallic","13,407",1064.9,911 GT3,"$115,995",2014
"Lizard,Green",48,1061.3,911 GT3 RS,"$249,900",2019
"GT,Silver,Metallic","2,998",1061.3,911 GT3 RS,"$174,800",2016
Black,"10,733",83.3,911 Carrera,"$78,975",2016
"GT,Silver,Metallic","9,115",643.3,911 Carrera GTS,"$99,987",2015
"Atlas,Grey,Metallic","66,936",538.8,911 Turbo,"$64,950",2009
Ultraviolet,389,1025.2,911 GT3 RS,"$218,800",2016
"Orient,Red,Metallic","5,180",1025.2,911 Turbo,"$89,800",2002
"Jet,Black,Metallic","10,949",393.6,911 Carrera 4S,"$117,991",2017
Black,"8,875",738.3,911 GT3,"$136,800",2007
"Agate,Grey,Metallic","4,173",1041.6,911 GT3,Not Listed,2018
"Jet,Black,Metallic","9,952",483.1,911 Carrera,Not Listed,2016
"Basalt,Black,Metallic","8,950",730.4,911 GT3,"$119,895",2011
Black,"19,879",92.3,911 Turbo,"$129,995",2016
Black,"24,494",80.1,911 Turbo S,"$100,929",2013
White,"2,653",1049.7,911 Turbo S,"$162,500",2016
"GT,Silver,Metallic","5,000",1061.0,911 Targa 4 GTS,"$149,900",2018
"Miami,Blue","1,100",1061.0,911 GT3,"$172,550",2018
White,"4,400",1061.0,911 Carrera 4S,"$109,900",2017
White,"2,800",1061.0,911 GT3 RS,"$244,900",2019
"Miami,Blue","3,800",1061.0,911 GT3,"$173,380",2018
"Sapphire,Blue,Metallic","3,000",1061.0,911 Carrera 4 GTS,"$149,900",2018
"GT,Silver,Metallic","3,214",827.1,911 GT3 RS,"$174,900",2016
"GT,Silver,Metallic",473,745.0,911 GT2 RS,"$369,999",2018
"Carrara,White,Metallic",262,68.1,911 Carrera,"$104,106",2019
White,"1,615",75.7,911 GT3 RS,"$245,977",2016
"GT,Silver,Metallic","4,624",420.1,911 GT3 RS,Not Listed,2016
"Carrara,White","3,961",24.9,911 Turbo S,"$119,997",2012
White,"15,817",737.8,911 Carrera S,"$99,995",2017
"Carrara,White,Metallic","28,173",2438.1,911 GT3,"$117,900",2015
"Atlas,Grey,Metallic","59,132",743.5,911 Carrera,"$31,990",2006
White,"4,029",1401.1,911 Carrera,"$89,880",2017
"Slate,Grey,Metallic","22,014",545.1,911 Carrera S,"$45,490",2006
"Agate,Grey,Metallic","21,782",2473.7,911 Carrera,"$73,898",2015
Black,"1,237",26.0,911 Turbo S,"$196,900",2018
White,"23,211",835.9,911 Carrera S,"$92,990",2017
"Guards,Red","1,141",2130.5,911 GT2 RS,"$399,740",2018
White,"12,550",167.2,911 Carrera GTS,"$99,990",2015
"GT,Silver,Metallic","1,525",0.6,911 Carrera 4 GTS,"$135,995",2018
"Dark,Blue,Metallic","7,444",92.3,911 Carrera,"$79,995",2015
"Agate,Grey,Metallic","6,502",393.6,911 Carrera S,"$81,991",2013
Chalk,"6,487",2131.3,911 Targa 4S,"$139,994",2018
"Carrara,White","22,793",174.4,911 GT3 RS,"$165,888",2011
"GT,Silver,Metallic","36,654",1006.7,911 Turbo,"$69,900",2008
Black,"4,915",13.8,911 GT3,"$168,000",2007
"Carrara,White","3,961",24.9,911 Turbo S,"$119,997",2012
"Graphite,Grey","1,684",827.1,911 50th Anniversary Edition,"$134,900",2014
"GT,Silver,Metallic","16,211",0.6,911 Carrera 4S,"$88,995",2015
"Arctic,Silver,Metallic","29,390",1022.7,911 Carrera S,"$43,997",2005
White,"20,580",2559.5,911 Carrera S,"$69,992",2013
Black,"23,950",1049.9,911 Carrera S,"$49,991",2008
White,"1,912",561.1,911 Carrera 4S,"$120,681",2018
Black,"33,025",2555.6,911 Turbo S,"$123,991",2015
Black,"7,422",2454.1,911 GT3,"$127,991",2015
"Platinum,Silver,Metallic","37,765",1066.3,911 Turbo S,"$89,999",2012
"Guards,Red","2,353",1064.9,911 Carrera 4S,"$119,752",2018
"Racing,Yellow","16,039",2565.6,911 Carrera GTS,"$99,900",2017
Black,"21,360",737.8,911 Carrera S,"$56,991",2008
"Jet,Black,Metallic","22,134",76.5,911 Carrera 4S,"$117,045",2017
Black,"35,281",2458.1,911 Carrera,"$36,995",2007
Black,"15,045",86.0,911 Turbo,"$141,881",2017
"Rhodium,Silver,Metallic","27,518",728.7,911 Carrera 4,"$108,000",2017
"Midnight,Blue","58,106",34.4,911 Carrera,"$20,995",2001
"GT,Silver,Metallic","24,547",486.9,911 Carrera 4S,"$79,950",2014
"GT,Silver,Metallic","2,402",1051.4,911 GT3,Not Listed,2018
Black,326,1051.4,911 GT3 RS,"$240,999",2019
"GT,Silver,Metallic",61,1051.4,911 Targa 4S,"$163,900",2019
"Jet,Black,Metallic","33,577",30.3,911 Carrera,"$65,100",2015
White,"23,956",1001.1,911 Targa 4S,"$104,990",2015
"Carrara,White,Metallic","20,488",2567.7,911 Carrera,"$73,488",2017
"Dark,Blue,Metallic","23,738",2439.3,911 Turbo,"$88,999",2010
Black,"20,000",705.4,911 Turbo S,"$89,900",2005
"Sapphire,Blue,Metallic","9,553",767.9,911 Carrera,"$83,571",2017
Black,"26,058",1971.6,911 Carrera,"$39,991",2007
White,"7,488",2458.5,911 GT3 RS,"$175,995",2016
Black,"29,885",2454.3,911 Carrera,"$62,900",2013
Black,"18,727",2456.7,911 Carrera Black Edition,"$86,980",2016
"Polar,Silver,Metallic","96,406",722.8,911 Carrera,"$16,495",1999
"Basalt,Black,Metallic","22,378",2439.3,911 Turbo,"$89,999",2010
White,"8,699",1432.2,911 Carrera GTS,"$107,982",2016
"Arctic,Silver,Metallic","34,175",1624.9,911 Carrera,"$19,794",2000
"Agate,Grey,Metallic","11,302",2565.6,911 Carrera S,"$103,900",2017
Black,"18,006",2456.7,911 Carrera,"$94,980",2017
"GT,Silver,Metallic","18,292",1634.7,911 Targa 4 GTS,"$118,395",2016
"Carrara,White","63,990",298.2,911 Carrera 4S,"$44,900",2008
"GT,Silver,Metallic","2,522",429.7,911 Carrera T,"$101,890",2019
"Guards,Red","15,237",946.8,911 GT3,"$145,900",2018
"GT,Silver,Metallic","16,375",48.6,911 Carrera S,"$96,995",2017
Black,245,1051.4,911 Turbo S,Not Listed,2019
"Mahogany,Metallic","15,770",1825.3,911 Carrera 4S,"$87,888",2015
"Jet,Black,Metallic","31,614",737.8,911 Turbo,"$153,994",2018
"GT,Silver,Metallic",30,22.1,911 GT2 RS,"$398,900",2018
White,"5,155",2406.9,911 Turbo,"$128,881",2015
"Platinum,Silver,Metallic","16,171",117.7,911 Carrera S,"$78,771",2013
"GT,Silver,Metallic","12,536",2461.3,911 Turbo S,"$159,991",2016
Chalk,"3,459",835.9,911 Turbo S,"$182,990",2018
"Rhodium,Silver,Metallic","27,103",1095.9,911 Carrera S,"$73,995",2014
"Graphite,Blue,Metallic","16,391",2454.1,911 Turbo S,"$154,991",2017
"GT,Silver,Metallic","8,034",745.6,911 GT3 RS,"$174,734",2016
"GT,Silver,Metallic","3,363",705.4,911 Carrera S,"$127,900",2017
"Lava,Orange","12,994",1098.7,911 Targa 4 GTS,"$135,900",2017
White,"1,416",416.1,911 GT3 RS,"$242,242",2019
"Agate,Grey,Metallic","9,155",22.1,911 Turbo,"$149,900",2017
"GT,Silver,Metallic","1,692",2441.4,911 GT3 RS,"$189,888",2016
Chalk,286,2441.4,911 GT2 RS,"$379,800",2018
"Aqua,Blue,Metallic","5,664",2441.4,911 GT3,"$204,800",2011
"Agate,Grey,Metallic","21,959",738.3,911 Carrera,"$61,999",2014
"Racing,Yellow",929,76.5,911 GT3,"$180,930",2018
Black,"5,820",22.1,911 Turbo,"$179,900",2017
"Carmine,Red","4,041",174.4,911 Carrera 4S,"$116,777",2017
"GT,Silver,Metallic","1,729",174.4,911 GT3 RS,"$198,777",2016
"Black,Metallic","55,166",2446.5,911 Carrera,"$19,290",2000
"Racing,Yellow","2,934",221.5,911 Carrera 4S,"$109,998",2017
White,"5,993",174.4,911 Carrera 4S,"$115,777",2017
"Racing,Yellow",811,312.4,911 GT3,"$159,950",2018
"Agate,Grey,Metallic","7,096",80.1,911 Turbo,"$159,995",2018
Black,"3,520",69.5,911 Carrera Black Edition,"$86,888",2016
"GT,Silver,Metallic","6,559",312.4,911 Turbo,"$125,950",2015
White,"14,805",1031.6,911 Carrera,"$82,900",2017
Black,"12,900",738.3,911 Carrera,"$84,994",2017
White,"2,224",1371.9,911 Carrera,"$94,950",2019
Black,"7,957",22.1,911 Turbo S,"$163,900",2016
Black,"10,629",1061.7,911 Turbo S,"$164,900",2017
Black,"2,222",18.5,911 Carrera 4S,"$116,000",2018
"Lava,Orange",970,416.1,911 GT3 RS,"$174,994",2016
"Agate,Grey,Metallic","18,279",456.0,911 Turbo,"$118,900",2014
"Arctic,Silver,Metallic","52,832",166.7,911 Carrera S,"$45,000",2008
"Lizard,Green",211,182.1,911 GT3 RS,"$239,950",2019
"Guards,Red","30,129",17.2,911 Turbo S,"$119,888",2015
"Racing,Yellow","8,808",2439.0,911 Carrera GTS,"$129,900",2018
"Agate,Grey,Metallic","32,653",2542.6,911 Carrera S,"$69,990",2013
"Guards,Red","6,788",2225.2,911 Turbo,"$79,993",2008
Chalk,"15,591",946.8,911 Carrera 4S,"$114,500",2018
White,"8,124",561.1,911 Carrera GTS,"$98,156",2015
"Jet,Black,Metallic","11,121",59.3,911 Turbo,"$134,900",2015
Ultraviolet,"2,081",22.1,911 GT3 RS,"$193,900",2016
"Lava,Orange",830,22.1,911 GT3 RS,"$189,900",2016
Chalk,"3,043",22.1,911 GT3,"$189,900",2018
Chalk,"3,566",22.1,911 Carrera S,"$116,900",2018
White,119,22.1,911 GT3,"$166,900",2018
"Carmine,Red","1,111",22.1,911 GT3,"$189,900",2018
"Dark,Blue,Metallic","14,571",2429.4,911 Carrera,"$75,900",2015
"Polar,Silver,Metallic","13,021",879.9,911 Turbo,"$68,950",2002
Black,"10,014",1089.3,911 Carrera,"$102,990",2019
"Guards,Red","3,721",184.3,911 Carrera GTS,"$127,998",2018
Chalk,"3,925",1061.7,911 Carrera GTS,"$129,900",2018
"GT,Silver,Metallic","8,641",178.8,911 Carrera,"$81,990",2017
White,667,2439.0,911 Turbo,"$172,888",2018
Chalk,84,1097.2,911 GT2 RS,"$369,900",2018
"Agate,Grey,Metallic","4,389",738.5,911 Carrera 4S,"$121,991",2018
"Speed,Yellow","73,896",2455.5,911 Carrera S,"$50,952",2012
Black,"33,810",952.3,911 Carrera S,"$72,993",2013
Ultraviolet,"3,220",1508.8,911 GT3 RS,"$172,312",2016
"GT,Silver,Metallic","6,371",2131.3,911 Turbo,"$139,992",2017
"Meteor,Grey,Metallic","32,181",728.9,911 Carrera S,"$51,479",2008
"GT,Silver,Metallic","36,644",529.2,911 Turbo,"$131,500",2017
Black,"63,397",44.4,911 Carrera S,"$57,500",2012
"Racing,Yellow","7,451",1355.0,911 Carrera S,"$95,995",2017
"Guards,Red",25,187.6,911 GT3 RS,Not Listed,2019
Chalk,"1,634",1061.7,911 Turbo S,"$199,900",2018
White,15,1061.7,911 GT3 RS,Not Listed,2019
"Guards,Red",16,1061.7,911 GT2 RS,Not Listed,2019
"Jet,Black,Metallic","9,257",184.3,911 Turbo,"$145,998",2016
White,"29,204",2549.7,911 Carrera S,"$79,800",2015
Chalk,"1,632",1508.8,911 GT3,"$180,991",2018
Black,"3,289",2448.4,911 Carrera,"$90,801",2017
Black,"4,658",1061.7,911 GT3 RS,"$235,900",2019
"GT,Silver,Metallic","3,825",1508.8,911 Carrera T,"$109,500",2018
White,680,1508.8,911 GT3 RS,"$196,000",2016
Black,"2,131",1000.7,911 Turbo S,"$181,377",2017
White,"11,135",1031.6,911 Carrera,"$91,900",2017
"Guards,Red","5,026",1634.7,911 Carrera 4S,"$105,000",2017
Black,"15,949",1061.3,911 Turbo S,"$148,900",2016
Black,"34,267",2406.9,911 Carrera,"$82,881",2017
"GT,Silver,Metallic","6,820",2439.3,911 Carrera T,"$99,999",2019
"Carrara,White","48,539",414.3,911 Carrera S,"$69,911",2011
"Sapphie,Blue,Metallic","16,659",872.6,911 Targa 4S,"$110,997",2016
"Atlas,Grey,Metallic","47,430",1508.8,911 Carrera,"$34,231",2006
Black,16,1061.7,911 GT2 RS,"$415,900",2018
"Lava,Orange","4,242",1031.6,911 GT3 RS,"$184,180",2016
"Racing,Yellow","5,570",1031.6,911 GT3,"$166,991",2018
"Guards,Red","41,174",2549.3,911 Carrera S,"$39,800",2007
"Basalt,Black,Metallic","33,942",297.3,911 Carrera S,"$49,979",2008
"Guards,Red",571,879.9,911 GT2 RS,"$399,999",2018
"Miami,Blue","2,066",879.9,911 GT3,"$163,950",2018
"Sapphire,Blue,Metallic",445,879.9,911 GT3,"$163,950",2018
"GT,Silver,Metallic","2,731",879.9,911 GT3 RS,"$179,950",2016
Black,"12,034",744.5,911 Carrera S,"$80,999",2015
Chalk,671,935.0,911 GT3 RS,"$210,985",2019
"Seal,Grey,Metallic","28,303",103.9,911 Carrera S,"$43,990",2006
"GT,Silver,Metallic","7,963",722.4,911 Carrera GTS,"$122,995",2017
Black,"29,982",2403.0,911 GT3,"$104,691",2014
"Basalt,Black,Metallic","45,841",632.9,911 Carrera S,"$41,788",2008
"Carmon,Red,Metallic","42,096",732.0,911 Carrera ,"$28,799",2004
"Rhodium,Silver,Metallic","26,088",740.1,911 Carrera S,"$67,998",2014
Black,"30,329",133.7,911 Carrera,"$32,995",2003
"Lizard,Green","3,085",2421.6,911 GT3 RS,"$229,990",2019
"Jet,Black,Metallic","4,038",92.3,911 Carrera 4S,"$124,990",2018
White,"21,646",423.8,911 Carrera,"$69,900",2014
"Atlas,Grey,Metallic","8,285",317.9,911 GT3,"$134,999",2010
"Guards,Red","3,499",1098.7,911 GT2 RS,"$339,900",2018
"Carrara,White,Metallic","3,120",722.4,911 Turbo,"$129,995",2015
"Miami,Blue",337,722.4,911 GT3,Not Listed,2018
"Racing,Yellow","5,052",722.4,911 GT3,"$171,495",2018
White,"5,427",722.4,911 Carrera 4 GTS,Not Listed,2018
"Polar,Silver,Metallic","60,669",20.2,911 Turbo,"$39,500",2002
"Lava,Orange",221,731.3,911 GT3 RS,"$157,991",2016
"Atlas,Gray,Metallic","91,832",2443.2,911 Carrera ,"$17,598",2004
"Graphite,Blue,Metallic","3,328",192.8,911 GT3,"$166,995",2018
Black,"24,305",1582.5,911 Carrera,"$54,998",2012
"Rhodium,Silver,Metallic","2,905",571.7,911 Turbo,"$139,888",2016
"Agate,Grey,Metallic","28,542",747.9,911 Carrera 4S,"$82,991",2015
"GT,Silver,Metallic",751,117.7,911 Carrera 4,"$108,881",2019
"GT,Silver,Metallic","2,991",117.7,911 Carrera,"$102,994",2018
"Dark,Teal,Metallic","58,351",75.0,911 Carrera ,"$23,995",2003
"Agate,Grey,Metallic","10,011",48.8,911 Carrera 4S,"$110,460",2017
Black,"16,599",504.5,911 Turbo,"$119,790",2015
"Night,Blue,Metallic",43,117.7,911 Carrera,"$109,991",2019
"Rhodium,Silver,Metallic","9,416",1408.4,911 Targa 4S,"$132,588",2017
White,"7,903",0.6,911 GT3,"$129,995",2015
"Agate,Grey,Metallic","23,186",2406.9,911 Carrera,"$81,881",2017
White,"2,496",21.3,911 Carrera GTS,"$127,395",2018
"Guards,Red","96,783",2540.2,911 Carrera,"$16,988",2000
"Agate,Grey,Metallic","4,975",728.7,911 Carrera 4 GTS,"$127,500",2018
White,"3,844",728.7,911 Carrera,"$96,000",2019
"Agate,Grey,Metallic","23,514",880.3,911 Carrera 4S,"$98,950",2015
"GT,Silver,Metallic",75,728.7,911 GT2 RS,"$365,000",2019
"Lizard,Green",84,1409.9,911 GT3 RS,Not Listed,2019
"Agate,Grey,Metallic","4,062",1409.9,911 Carrera S,"$114,900",2018
White,"8,932",77.2,911 GT3 RS,"$165,799",2016
"Miami,Blue","4,619",491.2,911 Carrera GTS,"$124,995",2017
Black,"11,283",0.6,911 GT3,"$155,995",2018
"GT,Silver,Metallic","66,352",2494.2,911 Turbo,"$60,987",2008
"Cream,White","75,882",1021.1,911 Carrera 4S,"$43,999",2010
"Carrara,White,Metallic","7,131",1431.7,911 Carrera,"$84,999",2018
White,"4,793",1025.2,911 Turbo S,"$142,800",2015
"Atlas,Gray,Metallic","103,904",34.4,911 Carrera 4S,"$24,995",2004
Black,"28,535",2122.7,911 Turbo,"$105,995",2014
"Agate,Grey,Metallic","30,492",2425.1,911 Carrera S,"$70,998",2014
"Agate,Grey,Metallic","10,529",213.9,911 Carrera 4S,"$108,792",2017
"Arctic,Silver,Metallic","40,904",2138.9,911 Carrera S,"$45,000",2009
"Guards,Red","11,267",2235.8,911 Turbo S,"$147,990",2016
"Jet,Black,Metallic","4,111",728.7,911 Carrera 4S,"$120,000",2018
"GT,Silver,Metallic","9,605",2439.3,911 Carrera,"$88,900",2017
White,"27,293",952.3,911 Carrera S,"$96,993",2017
"GT,Silver,Metallic","18,754",545.1,911 Carrera S,"$89,890",2017
"Dark,Blue,Metallic","30,231",2542.6,911 Carrera S,"$80,690",2015
Black,"56,903",728.7,911 Carrera 4S,"$39,947",2007
"Racing,Yellow","8,150",131.9,911 Carrera GTS,"$116,123",2018
Black,"13,700",729.9,911 Carrera S,"$79,811",2014
White,"30,326",721.4,911 Carrera S,"$68,990",2013
"Jet,Black,Metallic","11,723",1633.5,911 Carrera,"$89,995",2018
White,"14,956",2445.8,911 Carrera,"$75,968",2016
"Jet,Black,Metallic","3,539",738.3,911 Turbo,"$159,800",2018
White,"9,614",533.1,911 GT3,"$129,988",2015
"Agate,Grey,Metallic","27,785",1061.7,911 Carrera S,"$70,991",2013
White,"7,809",0.6,911 Carrera S,"$99,995",2017
White,"14,193",33.2,911 Turbo,"$128,910",2015
"GT,Silver,Metallic","9,747",1061.3,911 Turbo S,"$161,900",2017
White,"13,757",28.0,911 GT3,"$119,995",2014
"Slate,Grey,Metallic","70,042",188.5,911 Carrera S,"$39,395",2008
"Slate,Grey,Metallic","63,840",632.9,911 Carrera S,"$36,888",2006
"Agate,Grey,Metallic","33,489",21.3,911 Carrera,"$64,646",2015
Black,"24,519",1508.8,911 Carrera 4S,"$72,345",2013
"GT,Silver,Metallic","6,811",393.9,911 Turbo,"$127,900",2014
"GT,Silver,Metallic","12,612",30.3,911 Carrera 4S,"$80,400",2013
Black,"14,420",2448.2,911 Carrera,"$81,878",2017
"Graphite,Blue,Metallic","12,429",2473.7,911 Targa 4S,"$129,395",2017
White,"1,350",1967.9,911 GT3 RS,"$229,786",2019
"Jet,Black,Metallic","8,015",0.6,911 Carrera 4S,"$119,995",2017
"GT,Silver,Metallic","9,200",11.9,911 Turbo,"$128,950",2015
Black,"27,613",732.5,911 Carrera 4S,"$94,999",2017
"GT,Silver,Metallic","16,130",2406.7,911 Carrera 4S,"$114,777",2017
"Aqua,Blue,Metallic","42,438",68.3,911 Carrera S,"$45,789",2009
"Carrara,White","10,708",2439.3,911 GT3 RS,"$175,000",2011
"Guards,Red","2,704",2421.6,911 Carrera GTS,"$119,879",2018
"Jet,Black,Metallic","8,781",835.9,911 Targa 4 GTS,"$139,990",2018
Black,"23,672",1098.7,911 Carrera,"$86,900",2017
Black,"11,935",393.9,911 Turbo,"$85,900",2008
Black,"5,420",2421.6,911 Carrera S,"$119,969",2018
White,"32,257",728.7,911 Carrera,"$65,500",2014
"Platinum,Silver,Metallic","42,777",15.8,911 Carrera 4S,"$68,800",2013
Black,"12,289",174.2,911 Carrera S,"$93,495",2017
White,"13,829",2438.0,911 Turbo S,"$145,888",2016
"Platinum,Silver,Metallic","29,963",1371.9,911 Carrera S,"$67,900",2013
White,"19,500",2565.0,911 Carrera,"$73,000",2017
Black,"72,640",2392.6,911 Carrera,"$18,888",2002
"Carmine,Red","1,418",212.0,911 Carrera S,"$106,990",2018
Black,"1,082",2461.3,911 GT3 RS,"$227,777",2019
"Midnight,Blue,Metallic","26,674",418.4,911 Carrera S,"$37,542",2005
"Meteor,Grey,Metallic","40,398",1094.3,911 Carrera S,"$57,999",2012
Black,"16,796",2549.7,911 Turbo,"$127,488",2015
"Guards,Red","7,189",745.0,911 GT3,"$149,999",2018
"Lava,Orange","9,427",17.2,911 GT3 RS,"$163,888",2016
"GT,Silver,Metallic","2,630",0.6,911 Turbo,"$140,995",2016
White,"15,801",434.3,911 Targa 4S,"$109,998",2016
"Agate,Grey,Metallic","6,459",2456.7,911 GT3,"$169,980",2018
Black,"21,195",872.6,911 Carrera Black Edition,"$71,888",2016
"Miami,Blue","9,076",2553.9,911 Carrera GTS,"$115,988",2018
White,"18,477",1413.3,911 Carrera S,"$75,991",2013
"Rhodium,Silver,Metallic","23,476",0.6,911 Carrera 4S,"$80,995",2015
White,"24,860",745.1,911 Carrera,"$70,160",2016
"Jet,Black,Metallic","1,200",181.2,911 Carrera S,"$127,550",2018
Black,"25,412",2431.2,911 Turbo,"$127,000",2016
Black,"22,720",738.3,911 Carrera 4,"$73,500",2017
"GT,Silver,Metallic","13,392",2444.3,911 Carrera GTS,"$99,900",2016
"Rhodium,Silver,Metallic","5,643",164.7,911 Carrera 4S,"$85,999",2014
"Lava,Orange","5,088",456.0,911 GT3 RS,"$174,500",2016
White,"24,980",193.1,911 Turbo,"$145,299",2017
"Jet,Black,Metallic","5,388",0.6,911 Turbo,"$162,995",2018
"Jet,Black,Metallic","31,727",2566.0,911 Turbo,"$111,988",2015
White,"1,011",2445.8,911 Carrera,"$95,000",2018
"Racing,Yellow","18,421",1070.0,911 Carrera S,"$95,980",2017
"Guards,Red","24,265",935.0,911 Carrera 4S,"$103,993",2017
Black,"24,949",1630.3,911 Targa 4S,"$106,995",2015
"Sapphire,Blue,Metallic","24,279",221.5,911 Carrera,"$83,500",2017
"Jet,Black,Metallic","11,236",729.9,911 Carrera 4S,"$116,764",2017
"Carmine,Red","19,955",501.2,911 Carrera S,"$93,880",2017
"Guards,Red","8,553",164.7,911 Carrera GTS,"$98,699",2015
Chalk,"5,470",434.3,911 Carrera S,"$109,995",2018
Black,"10,901",880.3,911 Carrera S,"$79,950",2013
"Guards,Red","7,290",1095.6,911 Carrera,"$81,000",2017
"Arctic,Silver,Metallic","16,568",2441.5,911 Turbo,"$74,980",2008
"GT,Silver,Metallic","6,032",16.3,911 Carrera,"$89,995",2017
Chalk,"6,076",26.2,911 Targa 4 GTS,"$150,990",2018
"Lava,Orange","7,681",434.3,911 Turbo,"$138,343",2016
White,"18,402",1085.0,911 Turbo S,"$144,950",2017
"Guards,Red","6,069",2445.8,911 Carrera S,"$110,000",2017
"Carrara,White","6,655",2426.3,911 Carrera S,"$75,290",2012
White,"10,447",24.6,911 GT3,"$127,897",2015
"Dark,Blue,Metallic","22,876",1001.1,911 Carrera S,"$69,990",2013
"Amaranth,Red,Metallic","14,002",2402.8,911 Carrera S,"$79,995",2014
"Racing,Yellow","10,565",2454.1,911 GT3,"$121,991",2015
White,"19,425",1097.1,911 Carrera S,"$79,990",2015
"Agate,Grey,Metallic","1,316",1095.6,911 Carrera,"$102,500",2018
"Carrara,White,Metallic","19,849",2438.2,911 Carrera 4S,"$109,980",2017
"Carrara,White","16,635",2473.7,911 GT3,"$138,327",2011
Black,"6,973",744.8,911 Carrera,"$88,990",2018
White,"1,371",22.1,911 GT3 RS,"$189,900",2016
"Basalt,Black,Metallic","19,201",728.7,911 Carrera S,"$76,900",2013
Black,"7,847",1096.3,911 Turbo,"$89,900",2008
Black,"88,420",148.9,911 Carrera S,"$24,900",2005
Black,"28,700",72.6,911 Carrera,"$61,998",2015
"Seal,Gray,Metallic","26,892",2542.6,911 Turbo ,"$54,990",2004
"Agate,Grey,Metallic","24,775",1047.9,911 Carrera,"$57,900",2014
"Agate,Grey,Metallic","31,251",1001.1,911 Turbo S,"$111,990",2014
"Miami,Blue","1,573",2398.0,911 GT3,"$179,950",2018
Black,"6,223",469.4,911 Carrera,"$67,500",2013
White,"22,898",414.3,911 GT3,"$122,911",2015
Black,"8,033",2453.3,911 Carrera S,"$79,904",2015
"Sapphie,Blue,Metallic","25,841",187.6,911 Turbo S,"$124,998",2015
"Agate,Grey,Metallic","15,664",1631.5,911 Carrera 4S,"$78,984",2013
"Sapphie,Blue,Metallic","5,266",1380.4,911 Targa 4S,"$106,900",2015
Black,"72,338",4960.8,911 Carrera 4S,"$22,999",2004
White,"12,663",2549.7,911 GT3,"$139,888",2016
Black,"13,281",2406.9,911 Carrera 4S,"$104,881",2017
"Jet,Black,Metallic","6,973",1413.3,911 Turbo S,"$139,991",2015
"GT,Silver,Metallic","14,450",1001.4,911 Carrera S,"$107,665",2017
"Carrara,White","16,776",117.7,911 GT3 RS,"$163,997",2011
"Miami,Blue","2,087",2456.7,911 Turbo S,"$182,980",2018
"Agate,Grey,Metallic","21,403",117.7,911 Turbo S,"$120,393",2014
White,"7,765",1508.8,911 GT3,"$132,656",2015
"Agate,Grey,Metallic","14,065",22.1,911 Targa 4S,"$129,900",2017
Black,"24,577",1433.3,911 Carrera S,"$45,995",2007
"GT,Silver,Metallic","11,575",2448.2,911 Turbo S,"$168,898",2018
"Arctic,Silver,Metallic","48,026",1433.6,911 Carrera S,"$39,995",2008
"Guards,Red","11,250",728.7,911 Carrera,"$85,800",2017
White,"34,762",744.8,911 Turbo,"$114,800",2016
"Meteor,Grey,Metallic","22,178",1031.6,911 Carrera S,"$67,585",2012
"Arctic,Silver,Metallic","80,201",722.8,911 Targa,"$22,000",2003
Black,"48,400",18.2,911 Carrera S,"$55,995",2012
White,"18,889",1508.8,911 Carrera 4S,"$111,834",2017
"GT,Silver,Metallic","9,623",2234.1,911 Carrera,"$81,988",2017
White,"32,928",1031.6,911 Carrera,"$69,991",2016
"Jet,Black,Metallic","25,217",1117.6,911 Carrera,"$79,990",2018
Black,"21,010",1365.7,911 Carrera,"$63,500",2013
"GT,Silver,Metallic","19,318",76.5,911 Carrera 4S,"$102,740",2017
Black,"18,494",1409.9,911 Turbo S,"$127,500",2015
"Guards,Red","9,239",164.7,911 GT3,"$125,999",2015
"Rhodium,Silver,Metallic","18,386",2439.0,911 Carrera S,"$104,900",2017
White,"2,409",1069.0,911 Carrera GTS,"$124,595",2018
"Carmine,Red","5,000",174.4,911 Targa 4 GTS,"$156,777",2018
"Rhodium,Silver,Metallic","8,802",1413.3,911 Carrera S,"$89,991",2016
"GT,Silver,Metallic","7,580",2406.9,911 Carrera 4S,"$114,881",2018
"Agate,Grey,Metallic","5,885",2439.3,911 Turbo,"$139,999",2017
Black,"36,798",891.0,911 Carrera S,"$47,450",2009
"Graphite,Blue,Metallic","8,876",22.1,911 Carrera 4S,"$109,900",2017
"Racing,Yellow","9,262",1380.4,911 Turbo,"$129,900",2015
Black,"13,902",22.1,911 Carrera S,"$107,900",2017
"Slate,Grey,Metallic","34,222",424.1,911 Carrera S,"$41,678",2008
"Guards,Red","27,942",2172.6,911 Carrera,"$65,480",2016
"Arctic,Silver,Metallic","52,784",728.7,911 Carrera,"$30,977",2006
"Jet,Black,Metallic","33,470",1630.3,911 Carrera 4S,"$86,000",2015
White,"8,415",1212.3,911 Carrera S,"$97,900",2017
Black,"6,042",13.8,911 Carrera S,"$90,000",2016
"Guards,Red","13,209",529.2,911 Carrera,"$76,500",2016
"Carrara,White,Metallic","1,250",22.1,911 GT3,"$179,900",2018
White,"5,670",182.1,911 Carrera S,"$99,950",2017
"Miami,Blue","5,478",2431.2,911 Carrera T,"$100,000",2019
"GT,Silver,Metallic","18,656",50.3,911 Carrera 4S,"$99,900",2016
"Slate,Grey,Metallic","101,880",12.9,911 Carrera,"$14,998",2002
Black,"2,633",563.5,911 Carrera,"$91,997",2018
White,"1,630",1146.2,911 GT3,"$175,995",2018
Black,"11,369",1615.9,911 Turbo S,"$119,871",2014
"Jet,Black,Metallic","12,835",76.5,911 Carrera S,"$83,975",2015
Chalk,"1,718",926.0,911 GT3,"$169,991",2018
"Agate,Grey,Metallic","7,395",1380.4,911 Carrera 4S,"$115,900",2018
"GT,Silver,Metallic","62,321",2118.4,911 Carrera S,"$34,994",2008
"Agate,Grey,Metallic","2,985",2549.7,911 GT3,"$175,000",2018
"Rhodium,Silver,Metallic","19,414",1409.9,911 Turbo S,"$135,900",2016
"Jet,Black,Metallic","7,455",880.3,911 Carrera S,"$99,955",2017
"Dark,Blue,Metallic","54,319",845.6,911 Carrera S,"$43,881",2010
White,"6,015",22.1,911 Carrera 4S,"$119,900",2017
"Basalt,Black,Metallic","23,831",1348.9,911 Carrera S,"$69,834",2014
"GT,Silver,Metallic","10,757",2406.9,911 Carrera 4S,"$114,881",2017
"GT,Silver,Metallic","7,445",737.8,911 Carrera T,"$98,994",2019
"Jet,Black,Metallic","2,633",1508.8,911 Turbo,"$153,042",2017
"Jet,Black,Metallic","29,200",752.3,911 Carrera 4S,"$89,500",2016
"Miami,Blue","1,787",491.2,911 GT3,"$169,880",2018
"Anthracite,Brown,Metallic","12,805",1508.8,911 Turbo S,"$124,539",2014
Black,"9,514",1096.3,911 Turbo,"$128,900",2015
"Carrara,White","17,111",1061.7,911 Turbo S,"$97,900",2011
"Carrara,White,Metallic","12,622",22.1,911 Turbo,"$123,900",2015
"GT,Silver,Metallic","11,070",164.7,911 Turbo S,"$127,999",2015
White,"16,580",1409.9,911 Turbo S,"$127,900",2015
White,"11,028",2473.7,911 GT3,"$126,000",2015
"Jet,Black,Metallic","6,476",470.3,911 Turbo S,"$159,900",2017
"Jet,Black,Metallic","3,770",1508.8,911 Targa 4S,"$140,874",2018
White,"1,089",745.8,911 GT3 RS,"$239,979",2019
Black,"8,385",195.1,911 Carrera 4S,"$67,981",2009
Black,"5,617",1061.7,911 Carrera,"$91,900",2017
Black,"2,389",416.1,911 Turbo S,"$185,984",2018
"Carmine,Red","3,884",2431.2,911 Targa 4S,"$133,500",2017
"Graphite,Blue,Metallic","8,547",221.5,911 Carrera 4S,"$108,462",2017
Black,"8,846",416.1,911 Carrera 4S,"$116,991",2017
White,"39,271",1097.1,911 Carrera S,"$67,590",2015
"Guards,Red","6,412",80.1,911 Carrera S,"$99,995",2017
"Carrara,White,Metallic","11,280",2545.4,911 Turbo S,"$174,000",2018
"Rhodium,Silver,Metallic","7,386",2473.7,911 Turbo S,"$180,654",2018
"Racing,Yellow","9,251",1061.7,911 Carrera 4S,"$89,900",2015
"Carrara,White,Metallic","14,560",879.9,911 GT3,"$124,950",2015
"Graphite,Blue,Metallic","5,735",737.8,911 GT3,"$159,994",2018
"Racing,Yellow","12,512",1409.9,911 Carrera GTS,"$109,900",2017
"Agate,Grey,Metallic","14,221",176.7,911 Carrera S,"$95,900",2017
"Agate,Grey,Metallic","6,765",952.3,911 Turbo,"$137,992",2016
"Jet,Black,Metallic","8,569",947.7,911 Carrera S,"$104,999",2017
Black,"7,420",164.7,911 Carrera GTS,"$118,899",2018
"Agate,Grey,Metallic","11,290",1508.9,911 Carrera,"$100,000",2018
White,"19,421",1433.3,911 Carrera GTS,"$94,995",2016
"Racing,Yellow","4,065",50.3,911 Carrera T,"$99,900",2019
White,"4,549",416.1,911 GT3,"$162,994",2018
"Sapphire,Blue,Metallic","18,826",117.7,911 Turbo S,"$149,983",2017
Black,"37,644",2549.7,911 Carrera S,"$84,800",2017
White,"1,846",1061.7,911 Carrera 4S,"$122,900",2017
"Carrara,White","24,788",1426.3,911 GT3,"$99,850",2011
"Rhodium,Silver,Metallic","9,795",1629.7,911 Carrera GTS,"$99,984",2016
White,"4,275",1061.7,911 Carrera 4S,"$117,900",2018
White,"13,711",1097.2,911 Carrera,"$74,900",2016
Black,"7,029",1094.3,911 Carrera S,"$110,555",2018
White,"10,033",16.3,911 Turbo,"$128,995",2016
White,"51,920",1411.4,911 Carrera S,"$57,991",2014
"Agate,Grey,Metallic","12,273",612.2,911 Carrera GTS,"$97,900",2016
Black,"29,057",495.4,911 Carrera S,"$66,495",2016
Black,"5,045",728.7,911 Carrera S,"$110,000",2017
"Agate,Grey,Metallic","4,772",1146.2,911 Carrera,"$89,995",2018
"Sapphire,Blue,Metallic","9,384",195.1,911 Carrera 4S,"$113,981",2018
"GT,Silver,Metallic","4,545",100.9,911 Carrera T,"$99,999",2019
"Carrara,White,Metallic","9,870",731.3,911 Turbo,"$128,991",2015
"Jet,Black,Metallic","1,259",117.7,911 Carrera GTS,"$124,998",2018
White,"2,363",164.7,911 Carrera T,"$98,199",2019
White,"6,678",117.7,911 Carrera S,"$94,443",2016
"Sapphie,Blue,Metallic","5,488",1508.8,911 Targa 4 GTS,"$127,028",2016
"Sapphie,Blue,Metallic","17,645",176.7,911 Carrera GTS,"$92,900",2015
"Arctic,Silver,Metallic","16,995",879.9,911 Carrera,"$26,950",2000
"Platinum,Silver,Metallic","10,663",2437.1,911 Carrera,"$63,490",2013
"Jet,Black,Metallic","6,182",325.0,911 Carrera 4S,"$118,995",2018
Black,"57,612",1061.8,911 Carrera S,"$54,995",2012
"Guards,Red","1,916",935.0,911 GT3,"$154,989",2018
"Guards,Red","2,350",722.4,911 Targa 4S,"$144,995",2018
"Agate,Grey,Metallic","5,309",11.0,911 Carrera,"$69,911",2015
"GT,Silver,Metallic","61,131",738.3,911 Carrera 4S,"$37,800",2008
"Guards,Red","8,779",529.2,911 GT3,"$109,777",2010
"Carrara,White,Metallic","11,397",80.2,911 Turbo,"$129,455",2016
"GT,Silver,Metallic","10,946",721.4,911 Carrera S,"$93,990",2017
"Agate,Grey,Metallic","10,267",2394.0,911 Carrera S,"$94,998",2017
"GT,Silver,Metallic","3,245",1429.3,911 Turbo S,"$189,492",2018
"Jet,Black,Metallic","22,071",162.7,911 Carrera 4S,"$96,900",2017
"Rhodium,Silver,Metallic","2,511",117.7,911 Carrera S,"$109,984",2018
White,"9,925",721.4,911 Targa 4 GTS,"$142,990",2018
"Agate,Grey,Metallic","3,589",545.1,911 Carrera GTS,"$118,990",2018
"Agate,Grey,Metallic","16,313",1508.8,911 Carrera S,"$84,724",2016
Black,"6,486",2158.9,911 Carrera S,"$84,995",2015
"Lava,Orange","1,326",1031.6,911 GT3 RS,"$169,991",2016
"Carmon,Red,Metallic","77,338",2446.5,911 Carrera ,"$20,490",2004
White,"3,476",1031.6,911 GT3 RS,"$169,990",2016
Chalk,"5,172",759.3,911 GT3,"$149,891",2018
Black,"11,588",164.2,911 Turbo,"$131,347",2016
"Carrara,White,Metallic","11,385",1629.7,911 Turbo S,"$138,649",2015
"Arctic,Silver,Metallic","71,303",2453.2,911 Carrera S,"$32,995",2006
"Slate,Grey,Metallic","87,434",224.2,911 Carrera,"$29,790",2006
"Night,Blue,Metallic","7,000",78.3,911 Turbo S,"$137,900",2017
"Jet,Black,Metallic","41,670",2393.4,911 Carrera 4S,"$89,795",2017
"Agate,Grey,Metallic","37,002",2424.9,911 Turbo,"$115,995",2016
"Carrara,White","74,003",1050.6,911 Carrera 4,"$21,980",2002
Black,"71,500",58.1,911 Carrera,"$22,900",2003
Black,"2,443",78.3,911 Carrera 4S,"$77,900",2015
"Arctic,Silver,Metallic","85,189",2435.7,911 Carrera S,"$32,998",2007
"Seal,Grey,Metallic","105,780",2553.9,911 Carrera,"$18,850",2003
"Aqua,Blue,Metallic","59,115",770.6,911 Carrera S,"$44,912",2009
"Cognac,Metallic","38,857",1418.8,911 Carrera,"$54,998",2013
White,"8,203",205.7,911 Carrera 4S,"$88,990",2015
White,"21,784",2565.6,911 Carrera S,"$85,998",2017
Black,"67,327",2444.3,911 Carrera,"$35,425",2011
Black,"52,160",479.7,911 Carrera S,"$77,550",2017
Black,"66,506",2399.7,911 Carrera 4,"$20,500",2001
"Rhodium,Silver,Metallic","31,051",1391.6,911 Carrera,"$65,998",2015
Black,"57,214",2454.7,911 Carrera S,"$37,880",2008
"Dark,Blue,Metallic","41,371",1085.4,911 Carrera S,"$50,000",2010
Black,"37,534",583.4,911 Carrera ,"$26,900",2004
"Slate,Grey,Metallic","81,961",1968.8,911 Carrera ,"$23,000",2003
"Mahogany,Metallic","54,142",744.5,911 Carrera S,"$59,995",2014
Black,"51,336",738.3,911 Turbo,"$88,977",2014
Black,"92,915",2448.4,911 Carrera,"$18,980",2003
White,"9,065",209.7,911 Turbo,"$152,495",2018
White,"18,328",27.5,911 Turbo,"$112,990",2015
"Amaranth,Red,Metallic","39,080",949.1,911 Carrera S,"$63,782",2014
White,"97,946",1093.8,911 Targa 4S,"$75,950",2015
"Lapis,Blue,Metallic","148,128",2426.3,911 Carrera,"$12,494",2002
"GT,Silver,Metallic","88,582",1432.1,911 Carrera S,"$27,981",2005
"Midnight,Blue,Metallic","82,749",198.7,911 Carrera,"$20,907",2002
"Slate,Grey,Metallic","92,205",762.0,911 Carrera 4,"$19,899",2002
White,"15,745",2442.3,911 Carrera S,"$94,200",2018
Black,"63,973",1083.1,911 Carrera,"$26,731",2006
Black,"46,249",79.5,911 Carrera,"$29,995",2005
"Midnight,Blue,Metallic","67,795",37.9,911 Carrera,"$28,950",2006
"Midnight,Blue,Metallic","102,046",2448.4,911 Targa,"$19,980",2003
Black,"76,356",2411.8,911 Turbo,"$33,677",2002
"Agate,Grey,Metallic","27,882",1633.5,911 Carrera 4S,"$80,000",2016
"Meridian,Metallic","107,084",2450.8,911 Carrera ,"$15,988",2003
Black,"17,034",738.3,911 Carrera,"$73,499",2017
White,"23,258",1073.1,911 Carrera,"$78,995",2017
Black,"87,839",1227.0,911 Carrera ,"$19,999",2003
Black,"65,923",2151.3,911 Carrera 4S,"$32,558",2006
"Glacier,White","74,654",1968.9,911 Carrera,"$16,490",1999
"Guards,Red","35,020",2133.0,911 Carrera S,"$68,000",2015
"Polar,Silver,Metallic","86,200",393.3,911 Carrera 4,"$20,399",2002
Black,"101,590",184.6,911 Carrera,"$16,995",2002
"Guards,Red","84,651",210.6,911 Carrera 4,"$20,000",2002
Black,"36,402",1001.1,911 GT3,"$99,999",2010
"Guards,Red","8,034",1095.9,911 Turbo S,"$152,995",2017
Black,"67,461",2558.0,911 Carrera ,"$21,999",2003
"Arctic,Silver,Metallic","60,628",1087.3,911 Carrera,"$26,994",2005
"Colorado,Red","102,000",2455.1,911 Carrera,"$12,999",1999
"Arctic,Silver,Metallic","102,909",2438.3,911 Carrera,"$14,000",1999
"Dark,Blue,Metallic","6,448",2544.3,911 Carrera 4S,"$88,888",2016
Black,"14,165",835.7,911 Turbo S,"$122,324",2015
Black,"90,236",1016.8,911 Carrera,"$19,000",2003
Black,"34,922",476.0,911 Carrera Black Edition,"$57,995",2016
"Meridian,Metallic","88,337",1192.8,911 Carrera ,"$20,987",2003
"Lava,Orange","13,074",738.3,911 Turbo,"$137,800",2017
White,"3,939",1412.1,911 Turbo,"$152,888",2018
"Racing,Yellow","2,401",2421.6,911 Carrera T,"$96,990",2018
White,"18,388",2441.5,911 GT3,"$114,980",2015
"Seal,Gray,Metallic","62,178",5.9,911 Carrera ,"$24,900",2004
White,"27,706",726.1,911 Turbo S,"$118,990",2016
"GT,Silver,Metallic","24,520",947.0,911 Carrera S,"$87,998",2017
"Guards,Red","7,312",0.6,911 Turbo,"$134,995",2017
"Racing,Yellow","7,040",221.5,911 Turbo,"$116,996",2015
"Atlas,Grey,Metallic","105,570",1409.3,911 Carrera S,"$29,995",2008
White,"18,881",1048.9,911 Carrera,"$80,881",2017
Black,"81,592",75.4,911 Carrera 4S,"$39,980",2009
"Lapis,Blue,Metallic","75,092",1363.1,911 Carrera,"$20,977",2003
"GT,Silver,Metallic","14,724",506.3,911 Carrera 4S,"$79,800",2015
"Jet,Black,Metallic","13,600",1629.7,911 Carrera 4S,"$97,991",2017
Black,"9,482",193.1,911 Carrera,"$69,988",2016
"Racing,Yellow","7,924",1426.3,911 Carrera,"$74,888",2017
"Glacier,White","103,528",594.2,911 Carrera,"$14,000",1999
"Arctic,Silver,Metallic","105,490",2442.1,911 Carrera,"$26,990",2006
Black,"17,172",533.2,911 Carrera Black Edition,"$72,331",2016
White,"9,130",1071.1,911 Turbo S,"$124,995",2015
Black,"17,734",8.2,911 Turbo S,"$89,999",2012
"Polar,Silver,Metallic","80,040",26.8,911 Carrera,"$19,999",2002
"Basalt,Black,Metallic","30,761",1072.5,911 Carrera S,"$66,490",2014
"GT,Silver,Metallic","3,150",1371.9,911 GT3,"$149,991",2018
Black,"124,283",1003.5,911 Carrera ,"$17,998",2003
"Jet,Black,Metallic","16,715",1365.9,911 Carrera,"$79,857",2017
"Carrara,White","82,619",2452.0,911 Carrera S,"$42,995",2010
Black,"94,325",2418.1,911 Carrera,"$25,000",2005
White,"14,912",539.1,911 Turbo,"$107,456",2015
Black,"7,661",1508.8,911 Turbo,"$121,330",2015
Black,"35,407",1034.6,911 Carrera S,"$74,799",2016
"Night,Blue,Metallic","3,345",935.0,911 Turbo,"$139,944",2017
"Carrara,White","33,892",2233.4,911 Turbo,"$59,800",2008
White,"12,608",1062.0,911 Carrera,"$92,977",2018
White,"10,812",728.7,911 Carrera GTS,"$94,000",2016
"Slate,Grey,Metallic","70,427",2566.0,911 Carrera S,"$31,488",2006
"Jet,Black,Metallic","8,576",176.7,911 Carrera,"$71,900",2016
Black,"68,460",1077.9,911 Carrera S,"$54,977",2013
Black,"41,205",737.8,911 Turbo,"$98,994",2015
Black,"80,953",187.4,911 Turbo ,"$38,500",2004
"Racing,Yellow","3,188",435.8,911 Carrera S,"$99,997",2018
