Extcolor,Mileage,Milerange,Model,Price,Year
"GT,Silver,Metallic","27,499",944.9,Panamera Edition,"$42,999",2016
Black,"2,376",1435.5,Panamera Turbo Sport Turismo,"$119,902",2018
"Jet,Black,Metallic","2,555",759.3,Panamera Turbo Sport Turismo,"$124,162",2018
"Carmine,Red,Metallic","3,652",737.8,Panamera 4S,"$89,994",2018
Black,"26,697",211.7,Panamera 4S,"$56,590",2016
Black,"6,916",721.4,Panamera 4S,"$88,990",2018
Black,"100,701",641.3,Panamera 4S,"$23,198",2010
"Sapphire,Blue,Metallic","4,607",1508.8,Panamera Turbo,"$108,516",2017
"Volcano,Grey,Metallic","5,589",2426.3,Panamera Turbo Sport Turismo,"$121,649",2018
"Jet,Black,Metallic","8,160",184.5,Panamera Edition,"$54,888",2016
"Agate,Grey,Metallic","13,513",26.2,Panamera Turbo,"$52,990",2013
Black,"17,677",203.4,Panamera 4S,"$59,995",2016
Black,"18,932",745.1,Panamera 4S,"$59,450",2016
"Cognac,Metallic","79,942",14.0,Panamera Turbo,"$50,790",2015
"Agate,Grey,Metallic","27,190",1065.8,Panamera Edition,"$47,999",2016
"Carrara,White,Metallic","23,338",117.7,Panamera 4S,"$63,277",2016
Black,"37,417",737.8,Panamera 4S,"$53,994",2016
"Jet,Black,Metallic","13,352",38.0,Panamera 4S,"$73,995",2017
"Night,Blue,Metallic","35,395",393.6,Panamera 4 Edition,"$54,991",2016
"Carbon,Grey,Metallic","78,509",1261.5,Panamera 4S,"$30,999",2010
"Volcano,Grey,Metallic","7,898",643.3,Panamera 4S,"$97,988",2018
White,"10,100",509.5,Panamera 4,Not Listed,2018
White,"18,368",1014.8,Panamera 4,"$56,374",2016
"Sapphire,Blue,Metallic","22,411",393.6,Panamera 4,"$57,991",2016
"Aqua,Blue,Metallic","75,875",1070.1,Panamera Base,"$26,784",2011
White,"44,740",2449.3,Panamera GTS,"$45,500",2013
"Carbon,Grey,Metallic","61,758",1965.4,Panamera Turbo,"$45,995",2012
"Jet,Black,Metallic","5,979",1256.6,Panamera Turbo,"$96,998",2016
Black,"13,369",732.1,Panamera 4 E-Hybrid,"$87,950",2018
"Agate,Grey,Metallic","7,348",835.9,Panamera Base,"$82,990",2018
"Agate,Grey,Metallic","29,611",322.0,Panamera 4 Edition,"$54,900",2016
"Jet,Black,Metallic","14,798",9.2,Panamera Turbo,"$113,939",2017
White,"37,972",2458.5,Panamera Edition,"$51,822",2016
Black,"70,122",2453.4,Panamera Base,"$35,999",2014
"Sapphire,Blue,Metallic","25,092",923.6,Panamera Turbo,Not Listed,2017
White,"38,249",228.3,Panamera 4 Edition,"$52,995",2016
"Carbon,Grey,Metallic","39,315",2445.9,Panamera Base,"$45,998",2015
"Carrara,White,Metallic","21,138",2458.5,Panamera Edition,"$56,698",2016
White,"51,883",847.9,Panamera S E-Hybrid,"$40,990",2014
Black,"6,144",643.8,Panamera 4,"$87,990",2018
"Volcano,Grey,Metallic","33,026",501.0,Panamera Turbo,"$105,000",2017
"Volcano,Grey,Metallic","6,275",2567.4,Panamera 4S,"$107,000",2018
"Agate,Grey,Metallic","33,582",670.5,Panamera Base,"$35,987",2013
"Jet,Black,Metallic","4,469",643.8,Panamera 4,"$88,990",2018
Black,"88,000",2127.0,Panamera S,"$26,500",2010
Black,148,325.0,Panamera GTS,"$126,995",2019
"Yachting,Blue,Metallic","83,000",2456.5,Panamera Base,"$25,990",2011
"Volcano,Grey,Metallic","10,642",0.6,Panamera 4,"$80,995",2017
"Carmine,Red,Metallic","6,319",1082.3,Panamera Turbo,"$136,995",2018
"Rhodium,Silver,Metallic","30,315",728.0,Panamera GTS,"$62,500",2015
Black,"1,959",643.8,Panamera 4 E-Hybrid,"$102,695",2018
"Jet,Black,Metallic","1,000",2456.7,Panamera GTS,"$86,980",2016
White,"5,267",1001.4,Panamera 4S,"$132,070",2018
"Carbon,Grey,Metallic","50,578",2426.3,Panamera S,"$35,989",2012
"Platinum,Silver,Metallic","51,733",1433.6,Panamera S,"$29,995",2010
"Carbon,Grey,Metallic","74,035",103.9,Panamera Turbo,"$45,990",2012
Black,755,2398.0,Panamera 4S Sport Turismo,"$109,950",2018
White,"52,252",817.4,Panamera GTS,"$54,990",2014
"Carbon,Grey,Metallic","43,546",918.9,Panamera 4S,"$32,970",2010
"Sapphire,Blue,Metallic","6,456",2400.8,Panamera 4,"$78,880",2017
"Carrara,White,Metallic","6,596",2398.0,Panamera 4,"$99,995",2018
"Volcano,Grey,Metallic","3,086",0.6,Panamera 4,"$98,995",2018
White,"84,963",2172.5,Panamera Turbo,"$55,980",2014
Black,"35,231",48.5,Panamera 4,"$53,994",2016
"Night,Blue,Metallic","7,055",2445.8,Panamera 4,"$95,000",2018
"Carbon,Grey,Metallic","66,394",744.5,Panamera Base,"$30,999",2013
"Carbon,Grey,Metallic","56,001",2489.8,Panamera 4S,"$33,985",2012
"Yachting,Blue,Metallic","56,613",132.6,Panamera 4,"$39,988",2014
Black,"24,439",2393.4,Panamera S,"$49,888",2014
Black,"72,180",2399.8,Panamera Turbo,"$31,999",2010
White,"29,705",2431.3,Panamera 4,"$49,998",2015
White,"6,012",86.0,Panamera 4S,"$125,990",2018
"Carrara,White,Metallic","9,600",2398.0,Panamera 4 E-Hybrid Sport Turismo,"$114,995",2018
"Rhodium,Silver,Metallic","4,355",999.8,Panamera S,"$60,998",2016
"Mahogany,Metallic","69,873",205.0,Panamera 4,"$37,000",2014
Black,"20,190",1031.6,Panamera Edition,"$60,900",2016
"Agate,Grey,Metallic","32,529",2537.4,Panamera 4,"$41,950",2014
"GT,Silver,Metallic","20,181",48.5,Panamera Turbo,"$112,989",2017
Black,"26,130",0.9,Panamera 4 Edition,"$56,995",2016
"Jet,Black,Metallic","11,463",643.8,Panamera 4S,"$63,990",2015
Black,"61,850",210.5,Panamera Turbo,"$38,566",2011
Black,"102,741",1623.8,Panamera 4S,"$27,999",2010
Black,"6,614",732.1,Panamera 4S,"$97,950",2018
"Agate,Grey,Metallic","29,952",209.7,Panamera S E-Hybrid,"$59,951",2016
Black,"30,565",761.9,Panamera Edition,"$49,880",2016
"Carrara,White,Metallic","23,465",68.9,Panamera GTS,"$75,991",2016
Black,"27,404",188.2,Panamera GTS,"$72,777",2016
Black,"36,510",393.6,Panamera 4 Edition,"$53,991",2016
Black,"92,810",1479.2,Panamera 4S,"$22,980",2010
"Dark,Blue,Metallic","33,521",700.4,Panamera Turbo,"$69,000",2014
"Yachting,Blue,Metallic","51,000",434.2,Panamera Base,"$34,355",2013
White,175,2406.9,Panamera Turbo Sport Turismo,"$137,881",2018
White,"18,539",2448.2,Panamera Edition,"$55,898",2016
Black,"46,867",182.3,Panamera 4,"$33,990",2013
"Jet,Black,Metallic","21,699",188.2,Panamera GTS,"$74,777",2016
"Agate,Grey,Metallic","10,417",2456.7,Panamera GTS,"$83,980",2016
"Carrara,White,Metallic","7,598",3337.7,Panamera 4,"$82,994",2018
"Agate,Grey,Metallic","22,075",1064.9,Panamera Edition,"$52,650",2016
White,"4,530",26.0,Panamera 4 E-Hybrid,"$96,500",2018
Black,"18,528",2421.6,Panamera Turbo,"$89,990",2016
Black,"25,374",176.7,Panamera Turbo,"$99,900",2017
"Jet,Black,Metallic","20,420",722.4,Panamera 4S Executive,"$109,995",2018
"Basalt,Black,Metallic","97,088",503.3,Panamera Turbo,"$33,900",2011
"Carrara,White,Metallic","14,645",2513.9,Panamera Turbo,"$112,990",2017
Black,"30,201",195.0,Panamera 4,"$55,000",2016
"Dark,Blue,Metallic","67,000",2391.2,Panamera 4,"$28,998",2012
Black,"55,102",318.4,Panamera 4,"$29,660",2011
"GT,Silver,Metallic","90,302",492.5,Panamera 4,"$26,409",2011
White,"41,413",946.5,Panamera Base,"$52,520",2016
Black,"85,258",883.6,Panamera 4S,"$30,950",2010
"Jet,Black,Metallic","25,773",597.3,Panamera Turbo S,"$83,500",2015
"Jet,Black,Metallic","18,952",21.3,Panamera 4S,"$97,335",2017
"Sapphire,Blue,Metallic","4,259",2549.7,Panamera Turbo Sport Turismo,"$154,800",2018
Black,"8,323",325.0,Panamera 4,"$85,995",2018
White,"6,444",732.1,Panamera Base,"$78,950",2018
"Jet,Black,Metallic","6,132",80.1,Panamera 4S,"$96,045",2017
White,"19,371",732.1,Panamera S,"$62,950",2016
Black,"57,000",164.6,Panamera S,"$42,288",2014
"Carrara,White,Metallic","16,086",835.9,Panamera 4S,"$85,990",2017
"Rhodium,Silver,Metallic",231,2456.7,Panamera Turbo,"$129,888",2016
"Volcano,Grey,Metallic","8,000",429.7,Panamera 4S,"$98,890",2018
"Carrara,White,Metallic","6,291",890.3,Panamera 4 Sport Turismo,"$81,995",2018
Black,"15,288",945.8,Panamera 4,"$78,899",2018
"Yachting,Blue,Metallic","47,577",1425.4,Panamera Base,"$41,997",2015
Black,"9,077",1355.0,Panamera Turbo,"$126,995",2018
"Carbon,Grey,Metallic","62,179",470.3,Panamera Turbo,"$39,970",2011
"Night,Blue,Metallic","24,695",1256.6,Panamera 4,"$54,998",2016
Chalk,388,80.2,Panamera Turbo,"$142,726",2018
"Carmine,Red,Metallic","11,139",416.1,Panamera S E-Hybrid,"$60,991",2016
"Jet,Black,Metallic","24,652",722.0,Panamera 4,"$49,693",2015
"Carbon,Grey,Metallic","34,674",2439.3,Panamera 4S,"$45,979",2014
White,"34,790",1090.1,Panamera 4,"$44,998",2015
"Yachting,Blue,Metallic","72,500",2456.5,Panamera 4S,"$29,900",2012
White,11,737.8,Panamera 4S,"$125,920",2018
Chalk,16,737.8,Panamera 4,"$109,330",2018
Black,"39,190",1061.7,Panamera GTS,"$64,900",2015
White,"23,312",555.1,Panamera GTS,"$72,995",2016
"Agate,Grey,Metallic","47,431",738.3,Panamera GTS,"$54,749",2015
"Jet,Black,Metallic","6,264",2473.7,Panamera 4S,"$108,654",2018
Black,"30,908",1080.3,Panamera 4S,"$34,799",2010
"Burgundy,Red,Metallic","6,722",2473.7,Panamera Turbo Sport Turismo,"$174,930",2018
"Agate,Grey,Metallic","25,161",98.3,Panamera 4,"$74,899",2017
"Rhodium,Silver,Metallic","8,605",952.3,Panamera Turbo Sport Turismo,Not Listed,2018
"Rhodium,Silver,Metallic","7,339",325.0,Panamera 4,"$85,995",2018
"Carrara,White,Metallic","8,682",429.7,Panamera 4S,"$93,890",2018
"Jet,Black,Metallic","5,590",857.3,Panamera Base,"$78,784",2018
White,"25,725",209.7,Panamera S E-Hybrid,"$59,995",2016
"Night,Blue,Metallic","39,475",2445.8,Panamera GTS,"$75,000",2016
"Amethyst,Metallic","14,077",883.6,Panamera Base,"$58,950",2015
Black,"26,527",2393.2,Panamera 4,"$49,998",2015
"Mahogany,Metallic","25,067",1411.4,Panamera 4S,"$82,981",2017
Black,"7,721",817.1,Panamera 4,"$81,950",2018
"Dark,Blue,Metallic","62,410",947.1,Panamera 4S,"$33,999",2012
Black,"75,772",1015.1,Panamera 4,"$27,500",2012
"Yachting,Blue,Metallic","64,159",1108.8,Panamera 4S,"$29,980",2011
"Volcano,Grey,Metallic","2,100",22.1,Panamera 4 Sport Turismo,"$99,900",2019
Black,725,22.1,Panamera GTS,"$126,900",2019
Black,"65,013",15.8,Panamera GTS,"$43,800",2013
Black,"23,964",947.0,Panamera Turbo,"$58,998",2013
Black,"32,428",1624.0,Panamera Turbo,"$57,988",2013
White,"60,800",1075.3,Panamera S E-Hybrid,"$38,888",2014
"Dark,Blue,Metallic","48,854",1077.9,Panamera Base,"$32,977",2012
Black,"28,917",1629.5,Panamera Turbo,"$56,900",2012
"Rhodium,Silver,Metallic","60,366",612.7,Panamera Base,"$37,293",2014
Black,"64,767",429.1,Panamera S,"$51,792",2016
"Agate,Grey,Metallic","39,506",2557.2,Panamera Base,"$42,988",2015
Black,"25,000",2133.2,Panamera 4S,"$66,888",2016
"Carrara,White,Metallic","16,877",0.9,Panamera 4S,"$95,995",2018
"Jet,Green,Metallic","61,311",728.7,Panamera 4,"$28,895",2011
"Carrara,White,Metallic","5,801",2448.4,Panamera 4S,"$105,910",2018
"Platinum,Silver,Metallic","60,310",1508.8,Panamera Base,"$29,297",2011
"Ruby,Red,Metallic","62,770",173.0,Panamera Base,"$33,000",2013
"Night,Blue,Metallic","34,128",13.5,Panamera 4 Edition,"$53,995",2016
White,"34,143",13.7,Panamera 4,"$41,695",2014
"Agate,Grey,Metallic","36,478",732.0,Panamera S,"$40,900",2013
Black,"34,201",2448.4,Panamera 4,"$51,900",2016
White,446,2439.0,Panamera GTS,"$129,888",2019
White,"16,436",2439.8,Panamera 4,"$79,990",2018
Black,"71,906",2392.6,Panamera Turbo,"$56,888",2014
"Jet,Black,Metallic","2,140",195.1,Panamera 4,"$97,182",2018
"Jet,Black,Metallic","4,120",2453.7,Panamera 4 E-Hybrid,"$98,900",2018
"GT,Silver,Metallic","38,381",1130.5,Panamera Edition,"$47,000",2016
"Rhodium,Silver,Metallic","10,813",100.9,Panamera 4S,"$93,729",2017
White,"8,410",1061.7,Panamera 4 E-Hybrid,"$98,900",2018
Black,"55,772",2486.0,Panamera Turbo,"$48,700",2013
"Jet,Black,Metallic","15,924",1193.6,Panamera Base,"$55,900",2016
"Basalt,Black,Metallic","46,573",641.3,Panamera Platinum Edition,"$37,995",2013
"Agate,Grey,Metallic","17,100",2456.7,Panamera Turbo,"$74,988",2014
"Palladium,Metallic","23,737",744.8,Panamera Turbo,"$72,949",2015
White,"49,129",5.5,Panamera 4,"$38,995",2014
Black,"63,091",2542.6,Panamera Turbo,"$45,990",2012
Black,"36,490",483.8,Panamera GTS,"$63,000",2015
"Carrara,White,Metallic",447,195.1,Panamera 4S,"$112,997",2018
"Sapphire,Blue,Metallic","6,005",68.9,Panamera Turbo Sport Turismo,"$136,991",2018
"Carbon,Grey,Metallic","40,359",2438.2,Panamera S,"$34,696",2011
"Night,Blue,Metallic",122,1031.6,Panamera Turbo S E-Hybrid Sport Turismo,"$169,000",2018
"Sapphire,Blue,Metallic","13,429",0.9,Panamera Turbo,"$116,500",2017
"Carbon,Grey,Metallic","6,113",1031.6,Panamera Edition,"$68,542",2016
Chalk,"3,201",737.8,Panamera 4S,"$105,000",2018
Black,"56,396",1001.1,Panamera S,"$31,990",2011
Black,"19,426",1368.2,Panamera S E-Hybrid,"$49,399",2014
"Agate,Grey,Metallic","2,448",1629.7,Panamera 4S,"$99,950",2018
"Basalt,Black,Metallic","48,636",424.1,Panamera GTS,"$49,997",2014
Black,"36,169",190.1,Panamera GTS,"$56,990",2014
"Carbon,Grey,Metallic","22,848",744.8,Panamera S E-Hybrid,"$47,990",2014
"Basalt,Black,Metallic","51,451",1629.5,Panamera Turbo,"$38,999",2010
"Volcano,Grey,Metallic","5,888",935.0,Panamera Base,"$84,988",2018
"Agate,Grey,Metallic","22,456",721.4,Panamera Edition,"$53,990",2016
White,"35,350",423.8,Panamera 4 Edition,"$52,900",2016
Black,"32,602",734.4,Panamera S,"$40,998",2013
"Carrara,White,Metallic","24,619",946.8,Panamera Turbo Sport Turismo,"$125,900",2018
"Aqua,Blue,Metallic","106,153",2496.5,Panamera 4,"$24,999",2012
Chalk,"2,628",835.9,Panamera Turbo Sport Turismo,"$139,990",2018
White,"19,686",2448.2,Panamera 4S,"$90,779",2018
"Night,Blue,Metallic","17,186",178.4,Panamera Base,"$72,380",2017
Black,"3,107",99.1,Panamera 4,"$91,500",2018
White,"16,150",209.7,Panamera 4 Edition,"$59,000",2016
"Agate,Grey,Metallic","29,104",476.7,Panamera Base,"$41,998",2014
"Jet,Black,Metallic","1,004",182.1,Panamera Turbo S E-Hybrid Sport Turismo,"$162,690",2018
White,"41,292",1193.0,Panamera S,"$59,900",2016
"Carbon,Grey,Metallic","47,256",50.3,Panamera 4 Edition,"$52,900",2016
"Jet,Black,Metallic",14,1031.6,Panamera Turbo S E-Hybrid Sport Turismo,"$181,500",2018
White,96,1031.6,Panamera 4 Sport Turismo,"$90,900",2018
"Night,Blue,Metallic",43,1031.6,Panamera 4S,"$98,900",2018
White,11,1031.6,Panamera Turbo,"$144,850",2018
"GT,Silver,Metallic",21,1031.6,Panamera Turbo,"$134,900",2018
"Jet,Black,Metallic",16,1031.6,Panamera Turbo S E-Hybrid,"$169,000",2018
"Rhodium,Silver,Metallic",45,1031.6,Panamera Turbo,"$158,950",2018
Black,152,1031.6,Panamera Turbo,"$157,800",2018
"Night,Blue,Metallic",147,1031.6,Panamera 4 E-Hybrid,"$99,500",2018
"Night,Blue,Metallic",256,1031.6,Panamera 4S,"$99,900",2018
"Basalt,Black,Metallic","38,195",634.1,Panamera 4,"$41,997",2014
Black,"4,993",2461.3,Panamera 4S,"$104,449",2018
White,"2,777",2431.0,Panamera 4 E-Hybrid,"$99,880",2018
White,643,174.1,Panamera 4S,"$114,998",2019
"Aqua,Blue,Metallic","73,769",14.0,Panamera 4S,"$31,790",2012
White,"6,336",117.7,Panamera 4S,"$108,813",2018
"Amethyst,Metallic","6,433",117.7,Panamera 4S,"$108,707",2018
White,"27,236",2456.7,Panamera Edition,"$55,280",2016
"Carbon,Grey,Metallic","92,350",1363.3,Panamera 4,"$24,900",2011
"Sapphire,Blue,Metallic","7,306",117.7,Panamera 4 Sport Turismo,"$85,899",2018
"Volcano,Grey,Metallic","17,175",1401.1,Panamera Turbo,"$135,880",2018
"Rhodium,Silver,Metallic",220,195.1,Panamera Turbo Sport Turismo,"$127,981",2018
"Amethyst,Metallic","5,487",2454.1,Panamera 4,"$86,970",2018
White,379,728.7,Panamera GTS,"$134,000",2019
"Jet,Black,Metallic","3,350",745.6,Panamera 4S,"$111,822",2018
"Night,Blue,Metallic","26,161",880.3,Panamera 4,"$76,955",2017
"Rhodium,Silver,Metallic","29,307",176.7,Panamera 4S,"$56,900",2015
"Volcano,Grey,Metallic","8,214",117.7,Panamera 4 Sport Turismo,"$92,997",2018
"GT,Silver,Metallic","50,877",1433.9,Panamera S,Not Listed,2011
"Basalt,Black,Metallic","46,867",1634.7,Panamera 4S,"$39,395",2010
White,"51,549",862.2,Panamera S,"$39,000",2013
Black,"47,754",1078.8,Panamera Turbo,"$79,995",2014
Black,"72,008",2458.5,Panamera 4,"$29,950",2011
Black,"62,551",730.1,Panamera 4S,"$44,949",2015
"Carbon,Grey,Metallic","42,108",1634.7,Panamera Turbo,"$49,395",2010
"Crystal,Green,Metallic","62,389",1359.7,Panamera 4S,Not Listed,2012
Black,"61,379",872.6,Panamera 4S,"$34,997",2011
Black,"94,931",1368.5,Panamera 4,"$25,995",2011
Black,"82,632",872.6,Panamera 4 Platinum Edition,Not Listed,2013
"Carrara,White","69,041",896.9,Panamera 4,"$34,999",2011
Black,"71,110",1428.3,Panamera S,"$29,995",2010
"Carrara,White","68,217",923.4,Panamera 4,Not Listed,2012
"Dark,Blue,Metallic",Not,940.1,Panamera 4,"$19,999",2011
"Cognac,Metallic","78,263",946.4,Panamera Base,"$30,995",2011
"Yachting,Blue,Metallic","56,373",1064.3,Panamera Turbo,Not Listed,2010
White,"114,903",1581.3,Panamera 4,"$28,888",2013
"Jet,Black,Metallic",Not,1053.8,Panamera 4,"$58,357",2016
"Carrara,White","58,306",830.8,Panamera Turbo,"$44,000",2010
Black,Not,738.3,Panamera Turbo,Not Listed,2011
Black,"83,353",742.7,Panamera 4,"$29,991",2012
Black,"85,687",853.3,Panamera Base,"$29,990",2012
"Basalt,Black,Metallic","37,126",2402.8,Panamera Turbo,Not Listed,2013
"Agate,Grey,Metallic","33,253",722.0,Panamera 4,"$38,800",2013
"Carbon,Grey,Metallic","118,295",729.9,Panamera 4S,Not Listed,2010
Black,"36,681",738.3,Panamera 4S,Not Listed,2015
Black,"35,129",717.0,Panamera GTS,"$66,990",2015
Black,"38,191",730.1,Panamera S,"$53,999",2016
"Carrara,White","38,273",738.3,Panamera Turbo,"$55,800",2012
Black,"51,981",763.7,Panamera S,Not Listed,2010
"Carbon,Grey,Metallic","41,124",2401.1,Panamera S Hybrid,"$36,500",2013
"Basalt,Black,Metallic","77,318",0.6,Panamera Turbo S,"$62,995",2012
Black,"73,701",1368.0,Panamera S,"$30,777",2011
Black,"48,860",2448.2,Panamera Edition,"$48,898",2016
"GT,Silver,Metallic","27,714",454.8,Panamera Base,"$57,988",2016
"Night,Blue,Metallic","29,577",1400.4,Panamera S E-Hybrid,"$61,981",2016
"Sapphire,Blue,Metallic","36,400",1256.5,Panamera S E-Hybrid,"$58,998",2016
"Carbon,Grey,Metallic","77,558",721.4,Panamera 4,"$29,900",2012
Black,"80,838",2452.6,Panamera 4,"$27,995",2011
Black,"82,507",213.1,Panamera 4S,"$30,000",2011
Black,"71,987",2494.6,Panamera S,"$32,988",2011
Black,"63,718",164.2,Panamera 4,"$29,980",2011
White,"86,360",2127.4,Panamera S,"$28,900",2014
White,"28,049",2400.8,Panamera 4S,"$89,880",2017
Black,"20,015",2555.6,Panamera Edition,"$59,992",2016
Black,"45,020",1391.6,Panamera Platinum Edition,"$38,195",2013
"Rhodium,Silver,Metallic","25,260",745.7,Panamera GTS,"$65,515",2015
Black,"62,382",2439.0,Panamera S,"$63,900",2014
"Rhodium,Silver,Metallic",Not,1967.7,Panamera Turbo,"$112,440",2017
"Rhodium,Silver,Metallic","30,370",209.7,Panamera 4,"$55,000",2015
Black,"75,165",1967.9,Panamera 4,"$32,786",2012
"Platinum,Silver,Metallic","59,451",732.1,Panamera S,"$37,856",2012
"Mahogany,Metallic","28,954",501.0,Panamera 4S,"$41,898",2011
Black,"54,243",998.1,Panamera S,Not Listed,2013
White,"84,522",1579.2,Panamera S,"$34,995",2013
"Agate,Grey,Metallic","22,927",707.7,Panamera 4,"$75,000",2017
"GT,Silver,Metallic","43,544",1508.8,Panamera S,Not Listed,2013
"Carbon,Grey,Metallic","44,164",352.8,Panamera 4,Not Listed,2016
White,"39,149",2441.9,Panamera GTS,"$62,900",2015
"Carrara,White","90,086",725.8,Panamera 4S,"$28,855",2011
Black,"18,990",1101.7,Panamera 4,"$61,977",2015
"Jet,Black,Metallic","41,347",2544.4,Panamera Edition,"$52,988",2016
"Platinum,Silver,Metallic","92,300",1153.2,Panamera 4,"$24,995",2011
"GT,Silver,Metallic","88,382",483.1,Panamera Base,"$29,990",2011
"Carbon,Grey,Metallic","38,411",2392.9,Panamera S,"$42,950",2011
Black,"52,352",1426.7,Panamera 4,"$31,995",2011
Black,"56,314",1367.8,Panamera 4,"$37,997",2013
"Agate,Grey,Metallic","22,700",85.0,Panamera 4,"$46,900",2014
Black,"80,656",1367.7,Panamera 4S,"$29,999",2011
"Yachting,Blue,Metallic","19,334",313.4,Panamera Turbo,"$93,998",2014
"Carbon,Grey,Metallic","46,391",1213.8,Panamera 4,"$35,465",2013
Black,"83,686",643.3,Panamera GTS,"$43,998",2016
Black,"35,680",2421.1,Panamera 4S,"$41,977",2012
"Carrara,White","90,808",719.9,Panamera 4,"$26,995",2011
"Basalt,Black,Metallic","91,935",722.8,Panamera Turbo,"$45,900",2012
"GT,Silver,Metallic","44,755",1426.3,Panamera Base,"$34,850",2011
Black,"61,229",7.0,Panamera 4,"$32,950",2012
White,"37,205",2439.0,Panamera Edition,"$59,900",2016
"Platinum,Silver,Metallic","69,167",2133.1,Panamera S,"$29,668",2010
Black,"72,000",2133.2,Panamera 4,"$34,322",2011
"Rhodium,Silver,Metallic",Not,2130.5,Panamera Base,"$100,789",2018
White,Not,2130.5,Panamera 4 E-Hybrid,"$116,348",2018
Black,Not,2130.5,Panamera 4S,"$116,429",2018
"Basalt,Black,Metallic","75,931",722.8,Panamera 4S,"$29,495",2010
Black,"61,450",12.9,Panamera 4S,"$38,888",2012
"Carrara,White","83,394",950.6,Panamera Base,"$27,995",2011
Black,"68,727",1391.6,Panamera S,"$33,991",2012
"Carrara,White","53,695",1102.8,Panamera GTS,"$46,900",2013
"Cognac,Metallic","88,065",81.9,Panamera 4S,"$26,995",2010
Black,"72,485",128.4,Panamera Turbo,"$48,995",2012
Black,"95,457",133.5,Panamera 4,"$26,995",2012
"Carrara,White","67,870",224.2,Panamera S,"$31,490",2010
Black,"52,319",738.3,Panamera 4,"$37,948",2014
"Basalt,Black,Metallic","52,759",733.8,Panamera Turbo,"$38,959",2010
White,"11,024",2553.9,Panamera 4S,"$102,800",2018
"GT,Silver,Metallic","23,021",2400.8,Panamera Base,"$76,880",2018
White,"7,512",2392.9,Panamera Turbo,"$115,999",2017
Black,"73,255",1374.0,Panamera 4,"$31,995",2012
White,"21,130",16.7,Panamera Base,Not Listed,2016
"Night,Blue,Metallic","8,515",2461.3,Panamera 4S,"$104,991",2018
"Volcano,Grey,Metallic","1,830",2127.3,Panamera Turbo S E-Hybrid,"$164,900",2018
Black,"47,325",642.7,Panamera S,"$40,000",2013
Chalk,"5,813",2150.6,Panamera Turbo,"$149,995",2018
"Agate,Grey,Metallic","6,013",2150.6,Panamera 4,"$89,285",2018
"Amethyst,Metallic","60,705",2544.4,Panamera 4S,"$32,995",2010
Black,"38,131",1525.6,Panamera 4S,"$40,895",2012
Chalk,"9,145",1967.8,Panamera Turbo S E-Hybrid,"$179,981",2018
"Ruby,Red,Metallic","36,538",404.0,Panamera Turbo,"$68,300",2014
White,"9,408",2461.3,Panamera 4S,"$104,991",2018
"Yachting,Blue,Metallic","37,305",1408.4,Panamera Base,"$34,988",2012
White,"32,595",2424.9,Panamera 4,"$53,995",2015
White,"14,281",1104.0,Panamera 4 Sport Turismo,"$87,995",2018
Black,"14,432",1078.8,Panamera 4,"$58,995",2015
"GT,Silver,Metallic","40,665",897.5,Panamera 4S,"$35,889",2011
Black,"1,302",1967.8,Panamera GTS,"$149,981",2019
"Carrara,White,Metallic",34,1967.8,Panamera Turbo Sport Turismo,"$189,985",2018
Chalk,"3,350",1967.8,Panamera Turbo Sport Turismo,"$159,981",2018
"Volcano,Grey,Metallic","5,259",1967.8,Panamera 4S,"$104,985",2018
Chalk,"5,483",1967.8,Panamera Turbo Sport Turismo,"$159,985",2018
"GT,Silver,Metallic","116,777",1003.5,Panamera 4,"$23,498",2011
"Dark,Blue,Metallic","55,759",2397.4,Panamera Turbo,"$39,998",2010
"Jet,Black,Metallic","5,783",1967.8,Panamera Turbo S E-Hybrid Sport Turismo,"$177,981",2018
"GT,Silver,Metallic","5,875",1967.8,Panamera 4,"$99,591",2018
"Rhodium,Silver,Metallic","39,808",151.5,Panamera GTS,"$62,980",2015
Black,"62,436",745.8,Panamera Turbo Executive,"$69,795",2014
"Jet,Black,Metallic","6,617",1967.8,Panamera Turbo Sport Turismo,"$154,985",2018
Black,"21,044",209.7,Panamera 4,"$64,998",2016
"Carrara,White","40,217",5.4,Panamera 4,"$34,800",2011
"Agate,Grey,Metallic","57,161",2431.3,Panamera GTS,"$41,998",2013
Black,"36,800",1085.0,Panamera Turbo S,"$59,950",2012
Chalk,"7,511",1967.8,Panamera Turbo Sport Turismo,"$149,985",2018
Black,"57,008",2565.9,Panamera Turbo,"$38,000",2010
Black,"65,654",2392.6,Panamera S Hybrid,"$29,888",2012
Black,"50,690",2431.3,Panamera GTS,"$47,998",2013
"Agate,Grey,Metallic","13,856",48.5,Panamera 4,"$88,900",2018
"Aqua,Blue,Metallic","72,781",288.1,Panamera 4,"$29,995",2012
Black,"18,629",209.7,Panamera 4S,"$89,375",2017
Black,"12,290",203.3,Panamera Turbo,"$85,981",2015
Black,"85,203",730.2,Panamera Turbo,"$38,450",2011
"Jet,Black,Metallic","2,380",1401.1,Panamera 4S Sport Turismo,"$110,880",2018
"Jet,Black,Metallic","12,497",92.3,Panamera 4S,"$92,990",2017
"Amethyst,Metallic","60,198",434.3,Panamera S,"$38,989",2012
Black,"55,042",2567.4,Panamera Base,"$35,000",2013
White,"35,924",420.8,Panamera Turbo Executive,"$89,988",2014
"Burgundy,Red,Metallic","12,865",418.1,Panamera Base,"$82,569",2018
Black,"13,090",497.2,Panamera 4S,"$65,900",2016
"Volcano,Grey,Metallic","3,716",1582.3,Panamera Base,"$95,970",2018
"Rhodium,Silver,Metallic","8,599",1401.1,Panamera Base,"$89,988",2018
Black,"6,017",1582.3,Panamera 4S,"$118,418",2018
"Mahogany,Metallic","6,152",1582.3,Panamera Base,"$95,579",2018
Black,"79,678",1428.1,Panamera 4S,"$27,995",2010
Black,"65,715",750.8,Panamera Turbo,"$34,000",2010
"Rhodium,Silver,Metallic","13,608",313.4,Panamera GTS,"$73,998",2015
White,"43,859",2438.5,Panamera 4,Not Listed,2013
"Platinum,Silver,Metallic","49,265",1083.8,Panamera 4,"$35,998",2012
"Basalt,Black,Metallic","38,964",2399.3,Panamera 4,"$44,998",2014
"Carrara,White","76,131",1362.5,Panamera S,"$32,992",2012
White,"36,046",2553.9,Panamera Base,"$54,880",2016
"Sapphire,Blue,Metallic",518,1000.6,Panamera Turbo S E-Hybrid Sport Turismo,Not Listed,2018
"Jet,Black,Metallic","24,358",174.4,Panamera 4S,Not Listed,2016
"Basalt,Black,Metallic","9,513",640.3,Panamera 4,"$69,900",2014
"Carrara,White,Metallic","1,353",1064.9,Panamera Turbo S E-Hybrid,"$165,850",2018
Black,"58,935",1418.8,Panamera GTS,"$44,999",2013
Black,"9,291",696.8,Panamera 4 Platinum Edition,"$50,000",2013
Black,"30,607",1417.5,Panamera S E-Hybrid,"$47,998",2015
"Platinum,Silver,Metallic","61,757",2158.9,Panamera 4,"$32,995",2012
"Carbon,Grey,Metallic","62,343",1056.1,Panamera Base,"$31,900",2012
"Rhodium,Silver,Metallic","11,125",26.0,Panamera GTS,"$74,250",2015
"Jet,Black,Metallic","7,830",1064.9,Panamera Base,"$89,900",2018
"Carrara,White","52,461",16.3,Panamera 4,"$36,500",2012
"Carrara,White,Metallic","32,012",1251.6,Panamera Edition,"$55,999",2016
Black,"4,182",313.4,Panamera 4 E-Hybrid,"$109,740",2018
"Night,Blue,Metallic","5,095",313.4,Panamera 4S,"$113,998",2018
"Platinum,Silver,Metallic","55,805",738.3,Panamera 4S,"$31,800",2010
White,"2,326",393.6,Panamera Turbo S E-Hybrid,"$164,991",2018
Black,"47,422",722.8,Panamera 4,"$30,495",2011
White,"32,432",187.5,Panamera 4S Executive,"$54,991",2014
White,"6,461",498.1,Panamera 4S,"$99,985",2018
"Jet,Black,Metallic","7,623",313.4,Panamera 4,"$89,998",2018
Black,"6,993",2441.2,Panamera Turbo,"$91,888",2015
"Night,Blue,Metallic","17,100",9.1,Panamera 4,"$89,888",2018
Black,"1,426",717.0,Panamera 4,"$92,990",2019
Black,"44,403",1235.3,Panamera S,"$62,977",2016
White,"2,100",732.1,Panamera 4S,"$105,950",2018
Chalk,"1,600",732.1,Panamera GTS,"$141,950",2019
"Rhodium,Silver,Metallic","5,261",732.1,Panamera 4 Sport Turismo,"$91,950",2018
White,"29,788",2150.6,Panamera 4,"$53,995",2015
"Volcano,Grey,Metallic","6,504",732.1,Panamera 4S,"$110,950",2018
"Rhodium,Silver,Metallic","6,831",717.0,Panamera 4,"$84,970",2018
White,15,82.8,Panamera 4S Sport Turismo,"$98,995",2018
White,"4,830",85.0,Panamera 4,"$95,899",2018
Black,"23,390",2439.3,Panamera Base,"$77,900",2018
"Platinum,Silver,Metallic","77,607",1429.3,Panamera 4,"$29,984",2012
"Carrara,White,Metallic","2,501",737.8,Panamera 4S,"$124,040",2018
"Night,Blue,Metallic","5,901",737.8,Panamera 4S,"$109,520",2018
"Carrara,White","81,559",2394.2,Panamera S,"$29,995",2011
"Rhodium,Silver,Metallic","43,622",1099.2,Panamera 4,"$46,977",2015
"Mahogany,Metallic","29,439",1031.6,Panamera Edition,"$57,850",2016
White,"28,416",2439.3,Panamera Turbo S,"$89,900",2015
Black,"30,599",728.7,Panamera 4S,"$39,900",2012
"Platinum,Silver,Metallic","48,763",595.5,Panamera 4,"$34,998",2013
Black,"28,427",640.4,Panamera GTS,"$57,990",2014
Black,"52,226",1507.1,Panamera S,"$41,670",2013
White,"43,634",161.6,Panamera 4S Executive,"$45,998",2014
"Dark,Blue,Metallic","65,370",1070.1,Panamera S Hybrid,"$29,988",2012
"Rhodium,Silver,Metallic","57,128",1146.2,Panamera GTS,"$61,995",2014
"Agate,Grey,Metallic","1,462",0.6,Panamera Turbo,"$157,995",2018
White,"2,229",0.6,Panamera 4 E-Hybrid,"$105,995",2018
"Volcano,Grey,Metallic","1,596",0.6,Panamera 4 E-Hybrid,"$107,995",2018
"Sapphire,Blue,Metallic","1,640",0.6,Panamera 4 E-Hybrid,"$107,995",2018
Black,"91,516",1192.7,Panamera GTS,"$53,900",2014
Black,"2,412",292.8,Panamera 4 Sport Turismo,"$84,990",2018
"Carbon,Grey,Metallic","83,503",1192.7,Panamera S,Not Listed,2010
"Carrara,White","5,570",509.5,Panamera Turbo,"$55,000",2011
"Night,Blue,Metallic","57,680",1417.5,Panamera 4,"$49,998",2016
"Carbon,Grey,Metallic","43,253",947.1,Panamera 4,"$32,999",2011
"Carbon,Grey,Metallic","45,298",2437.1,Panamera Base,"$34,995",2012
"Agate,Grey,Metallic","25,847",26.0,Panamera 4S,"$62,000",2015
"Carbon,Grey,Metallic","32,559",2439.3,Panamera S,"$49,999",2015
White,"23,048",2454.1,Panamera 4,"$73,970",2017
Black,"51,325",1048.9,Panamera S,"$34,900",2012
Black,"49,664",1235.3,Panamera Base,"$46,995",2015
Black,"20,077",2454.3,Panamera Base,"$49,900",2015
White,"32,478",2448.2,Panamera Edition,"$54,878",2016
White,"32,480",2448.2,Panamera Edition,"$54,878",2016
"Agate,Grey,Metallic","17,501",2392.9,Panamera GTS,"$63,950",2013
"Rhodium,Silver,Metallic","23,178",2453.4,Panamera Base,"$48,999",2015
"Agate,Grey,Metallic","40,091",2453.1,Panamera S,"$42,200",2013
"Agate,Grey,Metallic","8,254",643.8,Panamera 4,"$89,000",2018
"Carbon,Grey,Metallic","46,295",2566.0,Panamera Turbo,"$49,988",2012
"Agate,Grey,Metallic","31,241",393.6,Panamera GTS,"$77,991",2016
"Agate,Grey,Metallic","31,693",2398.0,Panamera Turbo,"$74,995",2014
"Carmine,Red,Metallic","68,260",1078.8,Panamera GTS,"$57,695",2015
"Basalt,Black,Metallic","54,780",1508.8,Panamera 4,"$30,976",2011
Black,"50,534",59.3,Panamera S,"$38,800",2012
"Rhodium,Silver,Metallic","6,361",2398.0,Panamera 4S,"$119,995",2018
Black,"56,130",640.6,Panamera Base,"$37,350",2013
"Yachting,Blue,Metallic","58,927",1367.9,Panamera S,Not Listed,2011
White,"29,908",732.1,Panamera Edition,"$54,950",2016
Black,"19,198",2438.1,Panamera 4,"$82,888",2018
"Night,Blue,Metallic","4,332",48.6,Panamera 4S,"$109,900",2018
Black,"18,918",2555.6,Panamera Base,"$78,993",2017
Black,"2,863",209.7,Panamera 4 E-Hybrid,"$107,033",2018
"Amethyst,Metallic","6,053",209.7,Panamera 4S,"$119,550",2018
"Carbon,Grey,Metallic","61,562",206.3,Panamera 4,"$27,860",2011
"Basalt,Black,Metallic","38,003",317.8,Panamera Turbo,"$52,988",2012
"Jet,Black,Metallic","36,148",1634.7,Panamera GTS,"$75,395",2016
"Burgundy,Red,Metallic","8,856",2398.0,Panamera 4,"$89,995",2018
Black,"25,986",7.7,Panamera GTS,"$76,995",2015
"Carrara,White","59,085",309.1,Panamera 4,"$30,900",2011
"Volcano,Grey,Metallic","10,355",209.7,Panamera 4S,"$97,955",2017
White,"21,431",2235.8,Panamera Base,"$57,996",2016
Black,"50,405",2421.6,Panamera 4S Executive,"$48,799",2014
White,"85,454",77.3,Panamera 4,"$31,985",2013
"Rhodium,Silver,Metallic","18,924",2456.7,Panamera 4,"$42,988",2014
Black,"115,451",1214.2,Panamera Turbo,"$66,267",2015
"Carmine,Red,Metallic","33,127",744.8,Panamera Turbo S Executive,"$84,560",2015
Black,"60,701",581.8,Panamera Turbo,"$39,995",2010
Black,"26,998",595.5,Panamera 4S,"$86,573",2017
"Agate,Grey,Metallic","63,917",587.2,Panamera 4,"$34,991",2013
Black,"35,376",2427.0,Panamera 4,"$34,995",2015
Black,"55,642",780.5,Panamera 4,"$32,990",2012
Black,"46,681",1192.7,Panamera GTS,Not Listed,2013
Black,"51,433",280.5,Panamera 4,"$34,654",2013
"Carrara,White","70,508",3.9,Panamera 4,"$26,960",2011
"Rhodium,Silver,Metallic","44,630",160.0,Panamera 4S,"$48,998",2014
"Agate,Grey,Metallic","7,140",1078.6,Panamera 4,"$93,995",2018
"Platinum,Silver,Metallic","56,000",2446.2,Panamera GTS,"$45,995",2013
"Ruby,Red,Metallic","50,500",1362.5,Panamera GTS,"$45,492",2013
"Dark,Blue,Metallic","30,719",325.0,Panamera GTS,"$65,995",2015
"Agate,Grey,Metallic","23,018",784.5,Panamera Base,"$68,000",2017
"Ruby,Red,Metallic","55,269",1428.7,Panamera S,"$34,991",2012
"Agate,Grey,Metallic","25,796",2553.9,Panamera GTS,"$64,188",2015
White,"28,920",2400.8,Panamera Edition,"$53,880",2016
"GT,Silver,Metallic","56,535",2544.5,Panamera S,"$38,500",2013
"Carbon,Grey,Metallic","86,781",1371.7,Panamera S,"$27,995",2010
"Rhodium,Silver,Metallic",286,1621.0,Panamera Turbo Sport Turismo,"$171,630",2018
"Jet,Black,Metallic","20,983",117.7,Panamera 4S,"$87,998",2017
Black,"63,708",738.2,Panamera GTS,"$54,995",2015
"Dark,Blue,Metallic","44,988",526.5,Panamera 4S,"$45,700",2014
"Carbon,Grey,Metallic","63,269",423.2,Panamera Base,"$30,000",2011
Black,"64,480",2432.4,Panamera S,"$36,995",2013
White,"15,786",22.1,Panamera Edition,"$62,900",2016
"Night,Blue,Metallic","33,539",595.3,Panamera 4 Edition,"$55,826",2016
"Agate,Grey,Metallic","15,998",2436.6,Panamera Edition,"$58,000",2016
White,"22,043",1031.6,Panamera Edition,"$56,819",2016
Black,"22,447",482.5,Panamera GTS,"$75,777",2016
"Volcano,Grey,Metallic","33,813",1380.4,Panamera 4S,"$89,900",2017
"Yachting,Blue,Metallic","91,301",133.5,Panamera 4,"$24,988",2011
Black,"29,949",947.1,Panamera S,"$40,999",2012
"Jet,Black,Metallic","18,585",4960.3,Panamera S,"$58,995",2015
"Ruby,Red,Metallic","37,092",164.2,Panamera GTS,"$49,980",2013
"Carrara,White","39,450",2137.0,Panamera Turbo,"$53,995",2012
Black,"7,769",80.2,Panamera 4S,Not Listed,2016
"GT,Silver,Metallic","9,354",2553.9,Panamera 4S,"$103,880",2018
"Night,Blue,Metallic","3,420",2533.6,Panamera 4S,"$99,300",2018
Black,"22,904",1064.9,Panamera Base,"$56,995",2016
"Rhodium,Silver,Metallic","49,489",26.1,Panamera 4,"$53,995",2016
White,"59,850",2540.3,Panamera 4,"$40,900",2014
Black,"36,983",1097.2,Panamera Base,"$44,900",2015
White,"38,220",1098.7,Panamera 4,"$49,900",2015
White,"26,360",732.1,Panamera Edition,"$54,950",2016
"Carbon,Grey,Metallic","38,118",935.0,Panamera Base,"$32,944",2011
Black,"43,547",166.7,Panamera Turbo S,Not Listed,2013
Black,"40,751",640.3,Panamera 4 Edition,"$56,150",2016
Black,"20,045",176.7,Panamera 4 E-Hybrid Sport Turismo,"$81,900",2018
"Night,Blue,Metallic","4,085",2553.9,Panamera 4S,"$107,888",2018
"Carrara,White","50,583",2443.4,Panamera 4,"$31,900",2012
Black,"6,354",2421.6,Panamera 4S,"$107,338",2018
Black,"3,655",2448.4,Panamera Edition,"$68,816",2016
"Agate,Grey,Metallic","36,346",731.2,Panamera Turbo S,"$55,991",2012
"Carrara,White,Metallic","7,089",2392.9,Panamera 4S Sport Turismo,"$109,950",2018
"Carrara,White,Metallic","2,072",2454.1,Panamera Turbo Sport Turismo,"$155,000",2018
"Sapphire,Blue,Metallic","6,217",2438.1,Panamera Turbo S E-Hybrid,"$174,888",2018
"Night,Blue,Metallic","9,074",393.6,Panamera 4 E-Hybrid,"$96,001",2018
"Carrara,White,Metallic","6,371",2448.4,Panamera 4S,"$106,999",2018
Black,"7,506",2421.6,Panamera 4S,"$106,990",2018
"Volcano,Grey,Metallic","1,491",0.6,Panamera Turbo,"$159,995",2019
"Carrara,White,Metallic","2,895",10.1,Panamera 4 E-Hybrid,Not Listed,2018
Black,"30,103",18.6,Panamera 4,Not Listed,2011
"Volcano,Grey,Metallic","5,980",2533.6,Panamera Turbo S E-Hybrid,"$164,990",2018
"Carbon,Grey,Metallic","54,311",2432.4,Panamera 4,"$32,995",2012
Black,"9,141",2453.4,Panamera 4S,"$103,320",2018
"Sapphire,Blue,Metallic","8,076",2448.4,Panamera Base,"$84,999",2018
Black,"43,754",555.1,Panamera 4,"$48,995",2015
White,"8,215",2461.3,Panamera 4S,"$104,991",2018
"Agate,Grey,Metallic","48,975",727.8,Panamera 4,"$38,793",2014
"Volcano,Grey,Metallic","5,239",0.9,Panamera Base,"$90,995",2017
"Volcano,Grey,Metallic","3,873",2235.8,Panamera Base,"$97,280",2018
Black,"4,498",2235.8,Panamera Base,"$97,100",2018
"Carrara,White,Metallic","4,179",2235.8,Panamera Base,"$101,480",2018
"Jet,Black,Metallic","18,622",393.6,Panamera GTS,"$79,991",2016
"Carrara,White","63,610",1368.0,Panamera Turbo,"$34,955",2010
"Agate,Grey,Metallic","22,723",393.6,Panamera GTS,"$77,991",2016
Black,"2,350",1967.9,Panamera Turbo Sport Turismo,"$155,786",2018
"Carbon,Grey,Metallic","34,193",728.7,Panamera Base,"$50,000",2015
"Agate,Grey,Metallic","19,245",434.3,Panamera 4S,"$56,987",2014
"Jet,Black,Metallic","10,051",219.1,Panamera 4S,"$91,000",2017
Black,"39,913",643.3,Panamera S,"$46,775",2014
Black,"6,592",1401.1,Panamera Base,"$83,888",2018
White,"24,642",634.1,Panamera Base,"$45,850",2014
"Carbon,Grey,Metallic","77,281",931.7,Panamera Turbo,"$37,950",2011
White,"29,865",1031.6,Panamera Edition,"$56,995",2016
White,"57,568",831.7,Panamera GTS,"$49,995",2014
"Carrara,White,Metallic",10,1001.4,Panamera 4S,"$122,690",2018
White,"26,315",247.0,Panamera 4 Edition,"$54,999",2016
"Yachting,Blue,Metallic","28,063",2566.7,Panamera Base,"$42,900",2014
"Carrara,White,Metallic","2,199",586.1,Panamera 4,"$84,999",2018
"Dark,Blue,Metallic","23,174",2453.4,Panamera Base,"$47,500",2015
White,"11,098",82.8,Panamera 4S,"$108,164",2018
"Carbon,Grey,Metallic","25,800",103.9,Panamera 4,"$45,990",2014
"Burgundy,Red,Metallic","18,504",2127.3,Panamera 4S,"$97,900",2018
"Agate,Grey,Metallic","1,554",92.3,Panamera Turbo Sport Turismo,"$170,520",2018
"Mahogany,Metallic","23,634",595.3,Panamera 4,"$58,997",2016
"Carbon,Grey,Metallic","45,721",893.3,Panamera 4,"$31,050",2011
"Burgundy,Red,Metallic",213,775.3,Panamera 4S Sport Turismo,"$138,650",2018
"Agate,Grey,Metallic","21,396",1371.9,Panamera Edition,"$58,900",2016
Black,"34,557",835.9,Panamera Edition,"$51,990",2016
White,"1,888",0.9,Panamera Turbo S E-Hybrid,"$185,550",2018
"Agate,Grey,Metallic","5,225",0.9,Panamera 4,"$91,495",2018
Black,"4,490",109.8,Panamera Turbo S Executive,"$164,995",2016
Black,"8,358",827.1,Panamera 4S,"$101,900",2018
"Carbon,Grey,Metallic","94,485",2542.6,Panamera S,"$25,590",2010
"Dark,Blue,Metallic","51,000",2455.1,Panamera Turbo,"$38,999",2010
Black,"80,200",2411.8,Panamera S,"$25,990",2010
"Night,Blue,Metallic","5,744",514.5,Panamera 4S,"$89,888",2017
"Agate,Grey,Metallic","8,230",0.9,Panamera Base,"$85,886",2018
Black,"43,911",486.5,Panamera 4S,"$44,975",2014
"Volcano,Grey,Metallic","6,604",24.6,Panamera 4,"$99,875",2019
"Platinum,Silver,Metallic","59,133",732.1,Panamera 4,"$31,995",2012
"Rhodium,Silver,Metallic","3,881",700.5,Panamera Turbo,"$109,499",2017
White,"17,604",2481.2,Panamera S E-Hybrid,"$62,995",2016
Black,"57,277",732.1,Panamera 4S,"$30,995",2010
White,"47,330",872.6,Panamera S E-Hybrid,"$39,997",2014
Black,"20,737",2559.5,Panamera GTS,"$76,444",2016
Black,"5,008",167.2,Panamera Base,"$84,490",2018
Black,"27,610",117.7,Panamera Turbo Executive,"$88,581",2014
Black,"9,843",1000.6,Panamera Base,"$79,977",2018
Black,"12,684",1256.5,Panamera Edition,"$60,998",2016
"Carbon,Grey,Metallic","64,474",2554.3,Panamera S,"$28,895",2010
"Night,Blue,Metallic","19,581",2394.2,Panamera 4,"$57,598",2016
"Rhodium,Silver,Metallic","30,519",2439.0,Panamera Edition,"$54,888",2016
"Yachting,Blue,Metallic","19,797",2439.4,Panamera 4S,"$57,995",2015
"Agate,Grey,Metallic",106,2456.7,Panamera Turbo,"$129,980",2016
"Jet,Black,Metallic","47,880",92.3,Panamera Turbo S,"$84,990",2015
White,"73,290",9.2,Panamera 4S,"$37,895",2013
"Jet,Black,Metallic","22,689",22.1,Panamera Turbo,"$89,900",2015
White,"22,651",174.4,Panamera 4S Executive,"$69,888",2015
White,"15,156",729.9,Panamera Turbo,"$72,984",2014
Black,"43,660",1367.8,Panamera 4 Edition,"$49,998",2016
Black,"33,035",729.9,Panamera Turbo Executive,"$72,880",2014
"Burgundy,Red,Metallic","8,052",131.9,Panamera 4S Sport Turismo,"$105,994",2018
White,"30,651",1001.4,Panamera S E-Hybrid,"$48,880",2014
White,"33,134",2437.8,Panamera GTS,"$61,981",2015
"Rhodium,Silver,Metallic","35,888",1428.3,Panamera 4,"$41,980",2014
"Agate,Grey,Metallic","17,007",0.6,Panamera GTS,"$79,995",2016
Black,"71,006",728.7,Panamera Turbo,"$63,500",2014
White,"23,612",1367.8,Panamera 4 Edition,"$54,983",2016
Black,"15,895",209.7,Panamera 4 Edition,"$58,775",2016
Black,"6,585",187.6,Panamera Base,"$92,998",2018
"Agate,Grey,Metallic","1,459",0.9,Panamera 4S,"$109,995",2018
"Jet,Black,Metallic","2,737",545.1,Panamera 4S,"$107,576",2018
"Yachting,Blue,Metallic","29,734",2512.2,Panamera Base,"$47,000",2015
"Night,Blue,Metallic","4,100",643.3,Panamera 4S,"$95,575",2018
Black,"66,500",100.8,Panamera GTS,"$45,995",2014
Black,"72,743",774.0,Panamera 4S,"$28,475",2010
Black,"77,000",735.1,Panamera 4,"$29,911",2013
Black,"15,517",456.0,Panamera Base,"$76,900",2017
White,"23,009",727.8,Panamera Base,"$70,988",2017
Black,"29,820",2406.9,Panamera GTS,"$59,881",2014
"Carrara,White","96,354",2453.9,Panamera Base,"$25,995",2012
White,"9,084",188.2,Panamera 4,"$75,977",2017
White,"21,990",213.8,Panamera 4,"$54,991",2016
White,"26,526",1045.8,Panamera S E-Hybrid,"$55,990",2016
Black,"11,820",772.9,Panamera Turbo Executive,"$76,800",2014
White,"6,974",325.0,Panamera 4,"$83,995",2018
Black,"23,620",1635.0,Panamera GTS,"$70,000",2016
"GT,Silver,Metallic","30,025",1031.6,Panamera Base,"$51,495",2015
Black,"28,400",250.2,Panamera GTS,"$64,997",2015
"Rhodium,Silver,Metallic","22,056",2456.7,Panamera Base,"$51,880",2015
"Sapphire,Blue,Metallic","10,952",980.6,Panamera Turbo,"$103,500",2017
"Carbon,Grey,Metallic","19,790",1380.4,Panamera Edition,"$56,900",2016
"Carrara,White,Metallic","7,847",0.9,Panamera 4S,"$102,995",2018
Black,"56,349",80.2,Panamera Turbo,"$48,495",2013
Black,"12,928",533.1,Panamera Base,"$52,951",2015
"GT,Silver,Metallic","8,336",456.0,Panamera 4S,"$98,900",2018
Black,"1,567",2235.8,Panamera Base,"$83,996",2018
"Sapphire,Blue,Metallic","18,035",736.7,Panamera 4 E-Hybrid,"$89,999",2018
"Jet,Black,Metallic","10,452",2544.4,Panamera Turbo,"$113,988",2017
"GT,Silver,Metallic","31,269",581.8,Panamera S,"$32,995",2010
White,"4,658",1967.8,Panamera 4S,"$93,981",2018
White,"25,534",2437.1,Panamera 4,"$44,490",2014
"Agate,Grey,Metallic","33,836",1429.3,Panamera Base,"$53,894",2016
"Carrara,White,Metallic","9,399",292.8,Panamera 4S,"$94,450",2018
Black,"46,153",73.2,Panamera S E-Hybrid,"$41,995",2014
White,"25,401",2438.2,Panamera GTS,"$63,000",2015
"Carbon,Grey,Metallic","25,706",182.1,Panamera Edition,"$55,950",2016
Black,"3,557",117.7,Panamera 4,"$89,443",2018
"Sapphire,Blue,Metallic","15,027",2392.8,Panamera 4,"$77,997",2017
"Carbon,Grey,Metallic","36,038",2445.8,Panamera 4 Edition,"$56,000",2016
Black,"17,783",1363.5,Panamera GTS,"$72,883",2016
"Sapphie,Blue,Metallic","52,662",1076.7,Panamera Base,"$40,998",2015
White,"19,377",228.3,Panamera GTS,"$69,995",2016
"Carbon,Grey,Metallic","68,312",1371.9,Panamera Platinum Edition,"$28,991",2013
White,"14,941",1061.6,Panamera Turbo S,"$89,900",2015
White,"32,523",215.0,Panamera S E-Hybrid,"$49,999",2015
"Sapphire,Blue,Metallic","31,233",2439.0,Panamera Edition,"$53,888",2016
"Rhodium,Silver,Metallic","71,085",744.5,Panamera 4,"$31,999",2014
"Volcano,Grey,Metallic","11,750",0.9,Panamera Base,"$79,881",2018
"Agate,Grey,Metallic","80,520",1060.6,Panamera S,"$37,797",2014
"Agate,Grey,Metallic","41,145",1129.4,Panamera S,"$49,989",2015
"Rhodium,Silver,Metallic","31,534",1508.8,Panamera Base,"$45,792",2015
Black,"61,334",441.5,Panamera S,"$42,683",2014
"Volcano,Grey,Metallic","4,995",195.1,Panamera 4,"$89,137",2018
"Rhodium,Silver,Metallic","25,167",721.4,Panamera 4,"$74,990",2017
"Agate,Grey,Metallic","29,931",728.7,Panamera 4,"$49,000",2015
"Jet,Black,Metallic","26,164",498.0,Panamera 4,"$49,988",2015
"Carrara,White,Metallic","48,025",1045.8,Panamera Edition,"$45,990",2016
"Agate,Grey,Metallic","31,823",775.3,Panamera 4,"$40,258",2014
"Agate,Grey,Metallic","27,447",880.3,Panamera 4 Edition,"$57,988",2016
"GT,Silver,Metallic","2,040",1401.1,Panamera Base,"$84,880",2018
Black,"22,825",995.6,Panamera 4,"$52,900",2016
"Rhodium,Silver,Metallic","11,800",946.3,Panamera Turbo Sport Turismo,"$139,981",2018
"Yachting,Blue,Metallic","89,484",2455.1,Panamera S,"$24,999",2011
Chalk,"6,557",767.9,Panamera 4S,"$99,972",2018
Black,"32,103",2541.4,Panamera 4 Edition,"$47,888",2016
"Jet,Black,Metallic","20,452",1061.3,Panamera Turbo S,"$86,800",2015
"Mahogany,Metallic","63,236",1077.9,Panamera Base,"$29,977",2012
"Agate,Grey,Metallic","30,689",2445.8,Panamera Turbo,"$72,437",2015
White,"38,104",13.6,Panamera 4,"$45,995",2015
"Dark,Blue,Metallic","32,901",643.9,Panamera 4,"$35,998",2012
"Night,Blue,Metallic","32,567",1031.6,Panamera Edition,"$53,991",2016
"Agate,Grey,Metallic","6,045",743.7,Panamera 4S,"$79,996",2017
"Rhodium,Silver,Metallic","24,400",1508.8,Panamera Edition,"$55,785",2016
White,"29,302",1508.8,Panamera Edition,"$53,846",2016
Black,"16,764",737.8,Panamera 4,"$79,991",2018
Black,"12,945",2430.0,Panamera Base,"$78,998",2018
Black,"24,550",1001.4,Panamera Base,"$76,884",2018
Black,"36,082",729.7,Panamera Base,"$39,800",2014
"Volcano,Grey,Metallic","9,747",2406.9,Panamera 4S,"$102,881",2018
"Carbon,Grey,Metallic","36,574",2567.8,Panamera 4 Edition,"$54,981",2016
"Agate,Grey,Metallic","23,635",135.7,Panamera Turbo Executive,"$81,007",2014
Black,"37,456",325.0,Panamera 4,"$41,995",2015
Black,"83,889",1107.8,Panamera 4,"$25,998",2012
White,"39,386",184.7,Panamera Base,"$39,990",2015
"Rhodium,Silver,Metallic","23,547",2456.7,Panamera S E-Hybrid,"$59,980",2016
"Jet,Black,Metallic","24,775",1001.4,Panamera 4S,"$86,589",2017
"Mahogany,Metallic","28,667",1508.8,Panamera Edition,"$54,506",2016
White,"8,307",482.5,Panamera Turbo,"$92,200",2016
"Cognac,Metallic","53,452",1371.7,Panamera S,"$42,591",2014
"GT,Silver,Metallic","45,691",1371.9,Panamera S,"$51,900",2015
Black,"31,576",1431.9,Panamera Base,"$51,135",2016
Black,"21,212",219.0,Panamera Base,"$73,998",2018
"Sapphire,Blue,Metallic","2,111",82.8,Panamera Turbo,"$118,995",2017
"Night,Blue,Metallic","30,151",744.4,Panamera 4,"$50,900",2016
"Volcano,Grey,Metallic","8,700",393.8,Panamera Turbo,"$131,159",2018
White,"10,967",2445.8,Panamera Turbo,"$79,000",2014
"Carbon,Grey,Metallic","14,347",1422.2,Panamera Base,"$52,800",2016
"Rhodium,Silver,Metallic","19,075",2473.7,Panamera Edition,"$58,355",2016
White,"28,737",21.3,Panamera 4,"$55,218",2016
"Night,Blue,Metallic","42,657",8.2,Panamera 4 Edition,"$52,494",2016
"Jet,Black,Metallic","13,182",2431.2,Panamera 4S,"$99,999",2018
"Basalt,Black,Metallic","35,359",7.7,Panamera 4,"$37,995",2014
White,"2,015",2406.9,Panamera 4 E-Hybrid,"$102,881",2018
"Ruby,Red,Metallic","64,198",85.0,Panamera 4,"$29,995",2012
Black,"69,395",1428.7,Panamera GTS,"$39,991",2013
"Jet,Black,Metallic","27,975",2406.9,Panamera S,"$62,881",2016
"Carbon,Grey,Metallic","49,010",42.8,Panamera GTS,"$44,995",2013
Black,"23,041",890.3,Panamera Base,"$69,995",2018
"Volcano,Grey,Metallic","7,171",2454.1,Panamera 4S,"$97,970",2018
"Jet,Black,Metallic","27,158",729.7,Panamera 4S,"$82,800",2017
White,"7,468",2406.9,Panamera 4S,"$102,881",2018
White,"49,483",2362.5,Panamera 4,"$43,500",2015
"Ruby,Red,Metallic","89,059",224.3,Panamera S,"$24,958",2011
"Volcano,Grey,Metallic","5,118",1413.3,Panamera 4S,"$102,910",2018
"Night,Blue,Metallic","18,084",2456.7,Panamera Edition,"$57,888",2016
"Carrara,White","80,453",728.7,Panamera Turbo,"$40,958",2012
"Sapphire,Blue,Metallic","11,007",2394.2,Panamera 4 E-Hybrid,"$93,675",2018
Black,"29,930",2566.3,Panamera Base,"$48,999",2016
"Jet,Black,Metallic","25,870",2406.9,Panamera S,"$62,881",2016
White,"70,265",177.5,Panamera Turbo,"$51,990",2014
"Sapphire,Blue,Metallic","27,649",1085.3,Panamera 4S,"$79,000",2017
White,"23,000",1058.7,Panamera 4,"$49,988",2015
Black,"30,764",1413.3,Panamera Base,"$47,991",2015
"Jet,Black,Metallic","22,238",1031.6,Panamera GTS,"$79,495",2016
White,"20,938",883.6,Panamera Edition,"$54,950",2016
"Platinum,Silver,Metallic","104,165",1428.7,Panamera S,"$23,500",2010
White,"63,161",129.9,Panamera Turbo,"$46,475",2013
Black,"7,688",22.1,Panamera 4 E-Hybrid,"$96,900",2018
"GT,Silver,Metallic","72,875",715.0,Panamera Turbo,"$29,999",2010
"Jet,Black,Metallic","18,425",759.3,Panamera 4S,"$77,391",2017
Black,"4,172",640.4,Panamera 4,"$79,990",2018
Chalk,"8,210",416.1,Panamera 4S,"$101,994",2018
"Night,Blue,Metallic","24,419",1629.7,Panamera Edition,"$52,991",2016
Black,"13,859",2431.2,Panamera Base,"$78,000",2017
White,"5,559",642.3,Panamera 4,"$83,960",2018
"Mahogany,Metallic","31,268",989.9,Panamera Base,"$39,998",2014
"Volcano,Grey,Metallic","7,971",1380.4,Panamera 4S,"$102,900",2018
"Sapphire,Blue,Metallic","26,052",2439.0,Panamera Edition,"$53,888",2016
"Night,Blue,Metallic","25,885",1031.7,Panamera Base,"$49,991",2016
"Jet,Black,Metallic","22,380",2473.7,Panamera Turbo,"$76,436",2015
"Carrara,White,Metallic","7,156",2406.9,Panamera 4S,"$102,881",2018
"Volcano,Grey,Metallic","4,590",1085.0,Panamera Turbo,"$134,950",2018
"Carrara,White,Metallic","8,450",634.2,Panamera 4 Edition,"$56,900",2016
"Rhodium,Silver,Metallic","7,503",416.1,Panamera 4S,"$101,994",2018
"Carrara,White,Metallic","9,895",2406.9,Panamera 4S Sport Turismo,"$104,881",2018
"Volcano,Grey,Metallic","7,132",82.8,Panamera Turbo,"$134,995",2018
"Carrara,White,Metallic","10,777",1365.5,Panamera 4S,"$95,995",2018
"Volcano,Grey,Metallic","1,970",164.2,Panamera 4S Sport Turismo,"$107,202",2018
"GT,Silver,Metallic","38,301",636.3,Panamera Base,"$40,980",2015
"Volcano,Grey,Metallic","5,123",1623.4,Panamera 4 E-Hybrid,"$92,486",2018
"Platinum,Silver,Metallic","65,111",1222.1,Panamera GTS,"$39,911",2013
White,"34,181",25.7,Panamera S E-Hybrid,"$42,900",2014
Chalk,"8,317",720.5,Panamera 4 E-Hybrid,"$96,000",2018
Chalk,"18,269",744.6,Panamera 4S,"$78,900",2017
"Carrara,White,Metallic","5,013",1413.3,Panamera 4S,"$102,200",2018
White,"5,730",1413.3,Panamera 4S,"$100,970",2018
White,"21,733",117.7,Panamera GTS,"$78,991",2016
Black,"14,966",414.3,Panamera Turbo,"$138,900",2018
"Jet,Black,Metallic","43,064",1429.3,Panamera 4,"$52,994",2016
White,"62,784",1404.0,Panamera Turbo,"$55,487",2014
"Topaz,Brown,Metallic","97,310",29.5,Panamera 4,"$25,900",2012
Black,"9,703",80.1,Panamera 4,"$85,799",2018
"Night,Blue,Metallic","32,912",745.1,Panamera 4,"$48,110",2016
White,"26,799",28.0,Panamera S,"$55,990",2016
"Agate,Grey,Metallic","22,791",1380.4,Panamera 4 Edition,"$57,900",2016
"Agate,Grey,Metallic","2,475",80.1,Panamera 4S,"$106,955",2018
"Agate,Grey,Metallic","9,885",1631.9,Panamera 4S,"$82,115",2017
Black,"38,721",25.1,Panamera 4 Edition,"$45,890",2016
Black,"46,077",13.8,Panamera 4,"$49,995",2016
Black,"26,875",1508.8,Panamera Turbo,"$108,059",2017
Black,"27,511",1031.6,Panamera Base,"$54,145",2016
Black,"44,284",632.9,Panamera 4,"$38,997",2014
"GT,Silver,Metallic","8,850",767.9,Panamera 4S,"$93,972",2018
"Jet,Black,Metallic","5,986",856.8,Panamera 4S,"$85,991",2017
"Carrara,White,Metallic","13,766",533.1,Panamera 4S,"$84,411",2017
White,"11,657",2559.5,Panamera S E-Hybrid,"$62,551",2016
"Volcano,Grey,Metallic","13,052",82.8,Panamera 4S Sport Turismo,"$99,995",2018
"Agate,Grey,Metallic","49,601",214.4,Panamera 4 Edition,"$48,975",2016
"Night,Blue,Metallic","11,254",0.6,Panamera 4S,"$68,995",2016
White,"8,630",952.3,Panamera Base,"$79,994",2018
Black,"73,033",8.9,Panamera Turbo,"$39,995",2013
Black,"9,090",759.3,Panamera 4S,"$79,141",2017
"Agate,Grey,Metallic","10,740",76.5,Panamera GTS,"$79,930",2016
Black,"29,768",853.9,Panamera 4S,"$62,900",2016
Black,"7,418",738.3,Panamera 4 E-Hybrid,"$89,800",2018
"Carmine,Red,Metallic","2,094",117.7,Panamera 4S,"$108,813",2018
"Yachting,Blue,Metallic","28,393",1371.9,Panamera Base,"$43,891",2015
"Agate,Grey,Metallic","15,338",947.0,Panamera Base,"$70,998",2018
"Jet,Black,Metallic","3,694",745.7,Panamera 4S,"$98,498",2018
Black,"57,596",13.8,Panamera 4,"$47,595",2016
"Carrara,White,Metallic","7,780",1413.3,Panamera Turbo,"$132,991",2018
Black,"12,396",2439.0,Panamera Base,"$77,800",2018
"GT,Silver,Metallic","44,444",117.7,Panamera 4 Edition,"$53,896",2016
"Rhodium,Silver,Metallic","15,609",1413.3,Panamera 4 Edition,"$59,991",2016
"Agate,Grey,Metallic","7,114",80.2,Panamera 4S,"$104,955",2018
"Volcano,Grey,Metallic","14,761",1508.9,Panamera Base,"$77,367",2018
"Carrara,White,Metallic","3,422",947.7,Panamera Base,"$84,999",2018
White,"7,134",22.1,Panamera 4S,"$99,900",2018
"Jet,Black,Metallic","4,781",1031.6,Panamera 4S,"$99,995",2018
"Chestnut,Brown,Metallic","15,803",1432.3,Panamera 4,"$48,991",2015
"Rhodium,Silver,Metallic","10,771",416.1,Panamera 4S,"$97,991",2018
"Yachting,Blue,Metallic","33,879",294.5,Panamera 4,"$39,998",2014
White,"20,435",728.7,Panamera 4,"$55,000",2016
White,"26,714",745.1,Panamera 4,"$51,670",2016
Chalk,"13,181",1507.4,Panamera Turbo Sport Turismo,"$118,987",2018
"Agate,Grey,Metallic","40,748",1034.6,Panamera Edition,"$43,999",2016
Black,"23,428",174.4,Panamera Turbo,"$88,888",2016
"Volcano,Grey,Metallic","5,398",1413.3,Panamera 4S,"$97,860",2018
"Carbon,Grey,Metallic","26,030",528.2,Panamera 4,"$44,998",2015
"Jet,Black,Metallic","19,891",1365.5,Panamera S,"$63,995",2016
"Carbon,Grey,Metallic","97,044",1146.6,Panamera 4S,"$24,995",2010
"Agate,Grey,Metallic","62,000",15.8,Panamera GTS,"$51,400",2015
"Jet,Black,Metallic","2,420",117.7,Panamera 4S,"$107,773",2018
Black,"39,033",454.5,Panamera 4,"$43,625",2015
"Night,Blue,Metallic","10,772",1031.6,Panamera Base,"$58,995",2016
"Jet,Black,Metallic","18,067",722.4,Panamera 4 Edition,"$58,995",2016
"Night,Blue,Metallic","8,372",1365.5,Panamera Base,"$78,995",2018
Black,"9,267",2406.9,Panamera 4,"$79,881",2018
"Volcano,Grey,Metallic","11,291",74.6,Panamera 4S Sport Turismo,"$93,995",2018
White,"3,812",737.8,Panamera 4S,"$99,994",2018
"Carbon,Grey,Metallic","39,215",2470.4,Panamera 4,"$25,500",2011
"Carmine,Red,Metallic","2,677",2439.0,Panamera 4S,"$102,888",2018
"Carrara,White,Metallic","6,232",117.7,Panamera 4,"$86,989",2018
"Jet,Black,Metallic","17,333",1380.4,Panamera 4 Edition,"$57,900",2016
"Carrara,White,Metallic","12,125",612.2,Panamera GTS,"$74,900",2016
Black,"14,665",246.7,Panamera 4S,"$69,950",2016
"Dark,Blue,Metallic","15,217",1508.8,Panamera Base,"$50,717",2015
Black,"27,055",2398.9,Panamera 4S,"$54,500",2016
"Jet,Black,Metallic","3,740",117.7,Panamera Turbo,"$139,989",2018
"Carbon,Grey,Metallic","23,510",1426.3,Panamera Edition,"$47,850",2016
Black,"38,531",216.1,Panamera 4,"$40,923",2015
White,"19,562",1031.6,Panamera Base,"$49,995",2015
"Carrara,White,Metallic","6,165",1371.9,Panamera S E-Hybrid,"$64,900",2016
"Agate,Grey,Metallic","33,145",253.8,Panamera 4,"$42,000",2015
Black,"15,357",737.8,Panamera 4S Sport Turismo,"$93,994",2018
"Volcano,Grey,Metallic","16,329",1508.8,Panamera Turbo,"$101,595",2017
"Jet,Black,Metallic","18,958",166.7,Panamera Turbo,"$109,995",2018
"Sapphire,Blue,Metallic","7,433",1078.7,Panamera 4S Sport Turismo,"$88,995",2018
White,"12,293",737.8,Panamera 4S,"$79,994",2017
"GT,Silver,Metallic","7,330",80.1,Panamera 4S,"$99,445",2018
"Night,Blue,Metallic","13,970",1031.6,Panamera 4S,"$95,995",2018
"Carrara,White,Metallic","5,745",1380.4,Panamera Turbo,"$129,900",2018
"Agate,Grey,Metallic","21,350",2431.2,Panamera GTS,"$72,000",2016
"Agate,Grey,Metallic","5,630",728.7,Panamera 4S Sport Turismo,"$104,000",2018
White,"7,928",721.4,Panamera 4,"$80,990",2018
"Night,Blue,Metallic","11,958",24.2,Panamera 4,"$79,990",2018
Black,"4,340",117.7,Panamera 4S Sport Turismo,"$104,990",2018
"Rhodium,Silver,Metallic","24,950",495.4,Panamera Base,"$32,995",2014
"Agate,Grey,Metallic","5,493",2439.0,Panamera 4S,"$99,888",2018
"Jet,Black,Metallic","5,935",2439.0,Panamera 4S,"$99,888",2018
"Jet,Black,Metallic","7,019",195.1,Panamera 4S,"$99,981",2018
"Volcano,Grey,Metallic","13,305",1031.6,Panamera 4S Sport Turismo,"$82,991",2018
White,"5,643",732.5,Panamera Base,"$72,988",2018
"Jet,Black,Metallic","22,057",1034.6,Panamera S E-Hybrid,"$50,999",2016
Black,"4,197",379.5,Panamera Turbo,"$130,000",2018
"Jet,Black,Metallic","16,759",722.4,Panamera Turbo,"$86,995",2016
"Jet,Black,Metallic","14,074",538.8,Panamera Turbo Sport Turismo,"$125,950",2018
Black,"100,090",1633.5,Panamera 4S,"$28,995",2011
Black,"6,001",737.8,Panamera 4S Sport Turismo,"$91,994",2018
Chalk,"15,887",728.7,Panamera Turbo,"$105,000",2017
White,"14,833",1508.8,Panamera S E-Hybrid,"$60,323",2016
"Agate,Grey,Metallic","17,652",759.3,Panamera Edition,"$48,941",2016
"Night,Blue,Metallic","2,212",117.7,Panamera 4 E-Hybrid,"$94,443",2018
Black,"10,098",164.2,Panamera 4 Edition,"$57,997",2016
Black,"1,859",2567.4,Panamera 4,"$79,900",2018
"Carrara,White,Metallic","4,286",737.8,Panamera 4S Sport Turismo,"$94,994",2018
"Agate,Grey,Metallic","11,927",1371.9,Panamera 4S,"$89,950",2018
"Burgundy,Red,Metallic","7,637",728.7,Panamera 4S,"$95,000",2018
White,"10,696",728.7,Panamera 4,"$80,000",2018
"Dark,Blue,Metallic","101,223",745.8,Panamera 4,"$24,930",2012
"Agate,Grey,Metallic","66,715",1508.8,Panamera Turbo,"$46,378",2013
"Agate,Grey,Metallic","43,272",737.9,Panamera 4,"$42,740",2015
"Mahogany,Metallic","5,015",1363.3,Panamera 4,"$49,900",2016
"Agate,Grey,Metallic","39,193",15.8,Panamera 4S,"$40,998",2013
"Agate,Grey,Metallic","46,020",595.3,Panamera 4,"$46,995",2015
"Topaz,Brown,Metallic","64,156",2232.7,Panamera Base,"$26,489",2011
Chalk,"2,469",744.6,Panamera Turbo Sport Turismo,"$109,900",2018
"Aqua,Blue,Metallic","62,867",2556.2,Panamera Turbo,"$32,995",2010
Black,"80,496",2432.4,Panamera S,"$33,500",2013
"Sapphire,Blue,Metallic","11,000",2228.7,Panamera S E-Hybrid,"$47,999",2016
"Platinum,Silver,Metallic","79,226",2570.1,Panamera Base,"$26,392",2012
"Amethyst,Metallic","87,035",1064.5,Panamera Base,"$24,998",2011
Black,"5,082",744.6,Panamera 4 E-Hybrid,"$80,900",2018
"Agate,Grey,Metallic","12,370",744.6,Panamera Base,"$65,999",2017
Black,"19,575",1031.6,Panamera Turbo,"$74,991",2016
Black,"10,445",744.6,Panamera 4 E-Hybrid,"$77,900",2018
Black,"21,029",944.9,Panamera S E-Hybrid,"$50,999",2016
"GT,Silver,Metallic","99,962",2453.9,Panamera Base,"$23,995",2011
"Carrara,White","41,697",899.1,Panamera 4,"$30,000",2012
Black,"78,809",2450.8,Panamera Turbo,"$32,988",2010
Black,"58,552",2401.1,Panamera S E-Hybrid,"$39,000",2015
Black,"72,281",2457.4,Panamera S,"$24,992",2010
"Agate,Grey,Metallic","36,164",209.7,Panamera 4 Edition,"$52,475",2016
"Basalt,Black,Metallic","85,928",2566.0,Panamera 4S,"$26,988",2010
"Rhodium,Silver,Metallic","21,822",1078.8,Panamera GTS,"$59,995",2015
"Agate,Grey,Metallic","28,539",732.1,Panamera GTS,"$68,950",2016
"Agate,Grey,Metallic","26,526",1507.4,Panamera Turbo,"$55,880",2013
Black,"38,943",9.7,Panamera S E-Hybrid,"$50,995",2016
"Night,Blue,Metallic","32,464",144.8,Panamera 4S,"$62,665",2016
"Night,Blue,Metallic","64,445",2441.2,Panamera Edition,"$39,975",2016
"Platinum,Silver,Metallic","50,280",2455.0,Panamera S,"$32,999",2012
"Carbon,Grey,Metallic","49,690",863.4,Panamera 4,"$29,991",2012
"Carrara,White,Metallic","45,985",717.0,Panamera 4 Edition,"$50,990",2016
"Agate,Grey,Metallic","56,851",2457.2,Panamera 4,"$39,991",2014
"Basalt,Black,Metallic","33,228",1021.9,Panamera Turbo,"$62,995",2014
Black,"58,953",1429.1,Panamera S,"$38,495",2014
"Mahogany,Metallic","87,371",514.9,Panamera Turbo,"$41,800",2013
"Jet,Black,Metallic","32,579",325.0,Panamera Turbo S,"$79,995",2015
White,"48,179",184.8,Panamera Turbo,"$62,895",2015
"Platinum,Silver,Metallic","71,938",872.6,Panamera Turbo,"$32,499",2010
"Carrara,White,Metallic","49,388",711.4,Panamera 4,"$46,888",2016
White,"85,420",16.4,Panamera 4,"$33,780",2014
White,"88,120",3.9,Panamera 4,"$37,300",2015
"Topaz,Brown,Metallic","108,254",465.6,Panamera 4,"$23,888",2012
"Dark,Blue,Metallic","57,516",742.0,Panamera S E-Hybrid,"$37,996",2015
Black,"27,000",26.4,Panamera S E-Hybrid,"$41,000",2014
"Platinum,Silver,Metallic","55,332",947.0,Panamera 4,"$26,498",2011
White,"79,882",1015.1,Panamera 4,"$34,900",2015
Black,"83,202",1001.2,Panamera S,"$27,995",2012
White,"59,113",9.2,Panamera Turbo,"$52,895",2014
White,"80,510",893.3,Panamera Base,"$31,000",2014
"Carrara,White,Metallic","36,071",174.4,Panamera 4 Edition,"$52,888",2016
"Carbon,Grey,Metallic","20,620",2553.9,Panamera S,"$58,110",2016
Black,"102,183",2415.1,Panamera 4,"$22,950",2012
"Agate,Grey,Metallic","50,838",2553.9,Panamera GTS,"$58,800",2016
"Yachting,Blue,Metallic","58,451",424.1,Panamera 4,"$37,298",2014
"Basalt,Black,Metallic","49,997",980.5,Panamera 4S,"$41,888",2014
White,"50,316",722.0,Panamera 4 Edition,"$45,970",2016
White,"55,219",745.3,Panamera Base,"$34,988",2014
"Carrara,White,Metallic","44,010",472.0,Panamera GTS,"$61,995",2016
"Night,Blue,Metallic","40,225",0.6,Panamera 4,"$52,495",2016
White,"29,886",456.0,Panamera Turbo,"$104,900",2017
Black,"33,584",711.4,Panamera GTS,"$64,888",2016
"Carbon,Grey,Metallic","31,756",2417.3,Panamera 4S,"$27,999",2010
"Agate,Grey,Metallic","98,316",745.8,Panamera Turbo,"$44,000",2014
"Dark,Blue,Metallic","78,149",1082.2,Panamera S,"$29,799",2012
Black,"9,908",2549.2,Panamera 4S,"$74,888",2017
"Topaz,Brown,Metallic","30,851",82.8,Panamera S,"$34,990",2012
Black,"34,426",634.3,Panamera Edition,"$45,990",2016
"Ruby,Red,Metallic","68,323",735.1,Panamera GTS,"$49,694",2015
Black,"25,275",2393.1,Panamera Turbo Executive,"$64,989",2014
"Agate,Grey,Metallic","35,912",1087.6,Panamera S,"$54,999",2016
"Basalt,Black,Metallic","31,440",1158.8,Panamera Turbo Executive,"$64,988",2014
"Agate,Grey,Metallic","60,074",947.0,Panamera 4,"$41,998",2016
Black,"49,826",734.4,Panamera 4S,"$55,998",2016
"Night,Blue,Metallic","52,429",752.3,Panamera 4 Edition,"$45,950",2016
"Carmine,Red,Metallic","48,190",1508.8,Panamera 4S,"$49,916",2015
"Carbon,Grey,Metallic","32,215",2406.9,Panamera Turbo,"$79,881",2016
Black,"48,931",1708.3,Panamera 4 Edition,"$45,998",2016
"Night,Blue,Metallic","42,098",737.8,Panamera S E-Hybrid,"$49,991",2016
Black,"44,992",737.8,Panamera 4,"$45,994",2016
Black,"50,696",735.1,Panamera S E-Hybrid,"$46,931",2016
White,"31,969",176.5,Panamera GTS,"$64,887",2016
White,"65,288",9.2,Panamera 4,"$38,895",2015
"Jet,Black,Metallic","42,145",729.7,Panamera Turbo,"$77,800",2016
"Platinum,Silver,Metallic","75,362",210.5,Panamera 4S,"$26,966",2010
"Amethyst,Metallic","71,271",2542.6,Panamera 4S,"$37,990",2014
White,"30,351",631.0,Panamera 4S,"$59,521",2016
"Carbon,Grey,Metallic","88,400",744.8,Panamera Edition,"$35,980",2016
"Carbon,Grey,Metallic","66,955",745.0,Panamera Turbo,"$56,999",2016
"Carrara,White,Metallic","53,465",958.2,Panamera 4S,"$51,500",2016
"Aqua,Blue,Metallic","60,003",10.1,Panamera 4S,"$28,980",2011
White,"39,033",472.0,Panamera S E-Hybrid,"$43,985",2015
Black,"5,516",1424.3,Panamera 4S,"$91,768",2018
"Basalt,Black,Metallic","119,500",25.8,Panamera GTS,"$38,894",2014
"Jet,Black,Metallic","7,546",76.5,Panamera Base,"$75,000",2018
"Volcano,Grey,Metallic","2,159",50.3,Panamera 4S,"$97,900",2018
"Ristretto,Brown,Metallic","9,494",184.3,Panamera 4S,"$92,998",2018
Chalk,"20,971",763.0,Panamera 4S,"$85,997",2018
"Jet,Black,Metallic","4,701",176.7,Panamera 4S,"$96,900",2018
White,"29,067",117.7,Panamera 4,"$52,787",2016
"Agate,Grey,Metallic","36,638",21.3,Panamera GTS,"$67,396",2016
Black,"5,119",767.9,Panamera 4S,"$89,992",2018
"Rhodium,Silver,Metallic","3,617",164.7,Panamera Turbo Sport Turismo,"$131,499",2018
White,"47,845",721.4,Panamera 4,"$47,990",2016
"GT,Silver,Metallic","5,072",1807.2,Panamera 4,"$78,994",2018
White,"17,895",35.8,Panamera Turbo,"$73,900",2015
"Dark,Blue,Metallic","99,780",39.0,Panamera 4S,"$23,995",2011
"Night,Blue,Metallic","22,420",744.5,Panamera 4 Edition,"$47,499",2016
"Burgundy,Red,Metallic","44,275",834.9,Panamera 4S,"$69,881",2018
Black,"71,772",54.3,Panamera 4S,"$34,246",2014
